Evento,Detector,X,Y,Z
0,3,-154.971,620.343,117.051
0,3,-154.971,619.978,117.393
0,3,-154.971,619.905,117.461
0,3,-154.972,619.759,117.598
0,3,-154.972,619.467,117.871
0,3,-154.972,619.321,118.008
0,3,-154.972,618.81,118.486
0,3,-154.972,618.664,118.623
0,3,-154.972,618.372,118.897
0,3,-154.973,618.154,119.102
0,3,-154.973,618.081,119.17
0,3,-154.973,617.716,119.512
0,3,-154.973,617.643,119.58
0,3,-154.973,617.278,119.922
0,3,-154.973,616.767,120.401
0,3,-154.973,616.694,120.469
0,3,-154.974,616.256,120.879
0,3,-154.974,615.891,121.221
0,3,-154.974,615.599,121.494
0,3,-154.974,615.307,121.768
0,3,-154.974,615.088,121.973
0,3,-154.975,614.577,122.451
0,3,-154.975,614.212,122.793
0,3,-154.975,613.847,123.135
0,3,-154.975,613.701,123.272
0,3,-154.975,613.482,123.477
0,3,-154.976,613.19,123.75
0,3,-154.976,613.117,123.818
0,2,-155.015,550.781,182.209
0,2,-155.015,549.759,183.166
0,2,-155.016,549.248,183.644
0,2,-155.016,548.811,184.055
0,2,-155.017,548.081,184.738
0,2,-155.017,547.935,184.875
0,2,-155.017,547.57,185.217
0,2,-155.017,547.497,185.285
0,2,-155.017,547.351,185.422
0,2,-155.017,547.059,185.695
0,2,-155.018,546.475,186.242
0,2,-155.018,546.329,186.379
0,2,-155.018,546.11,186.584
0,2,-155.018,545.891,186.789
0,2,-155.018,545.599,187.063
0,2,-155.018,545.526,187.131
0,2,-155.018,545.308,187.336
0,2,-155.019,545.016,187.61
0,2,-155.019,544.651,187.951
0,2,-155.019,544.578,188.02
0,2,-155.02,543.483,189.045
0,2,-155.02,543.019,189.48
1,1,-246.183,420.93,-190.361
1,1,-246.053,420.79,-190.421
1,1,-244.887,419.528,-190.958
1,1,-244.822,419.458,-190.987
1,1,-244.368,418.968,-191.196
1,1,-244.174,418.757,-191.286
1,1,-243.785,418.337,-191.465
1,1,-243.72,418.267,-191.494
1,1,-243.591,418.127,-191.554
1,1,-243.137,417.636,-191.763
1,1,-242.943,417.426,-191.852
1,1,-242.684,417.146,-191.972
1,1,-242.424,416.865,-192.091
1,1,-242.295,416.725,-192.151
1,1,-242.23,416.655,-192.181
1,1,-242.1,416.515,-192.24
1,1,-241.582,415.954,-192.479
1,1,-241.323,415.674,-192.598
1,1,-241.128,415.464,-192.688
1,1,-240.74,415.043,-192.867
1,1,-240.48,414.763,-192.986
1,1,-243.245,417.752,-191.714
1,0,-181.1,350.51,-220.399
1,0,-181.036,350.439,-220.429
1,0,-180.777,350.159,-220.548
1,0,-180.712,350.089,-220.578
1,0,-180.453,349.809,-220.698
1,0,-180.064,349.389,-220.877
1,0,-179.74,349.038,-221.027
1,0,-179.675,348.968,-221.057
1,0,-179.61,348.898,-221.087
1,0,-179.222,348.478,-221.266
1,0,-178.703,347.917,-221.505
1,0,-178.444,347.637,-221.625
1,0,-178.12,347.287,-221.774
1,0,-178.055,347.217,-221.804
1,0,-177.991,347.147,-221.834
1,0,-177.861,347.006,-221.894
1,0,-177.602,346.726,-222.013
1,0,-176.889,345.955,-222.342
1,0,-176.371,345.395,-222.581
1,0,-176.306,345.325,-222.611
1,0,-175.982,344.975,-222.761
1,0,-175.723,344.694,-222.88
1,0,-175.594,344.554,-222.94
1,0,-175.399,344.344,-223.03
1,0,-175.075,343.994,-223.179
1,0,-175.011,343.924,-223.209
1,0,-174.946,343.854,-223.239
1,0,-174.751,343.643,-223.329
1,0,-174.609,343.49,-223.394
6,3,96.8737,620.536,-123.996
6,3,96.8515,620.258,-124.107
6,3,96.8146,619.794,-124.29
6,3,96.7925,619.516,-124.4
6,3,96.7851,619.424,-124.437
6,3,96.7482,618.96,-124.62
6,3,96.7408,618.867,-124.657
6,3,96.7334,618.774,-124.694
6,3,96.6891,618.218,-124.914
6,3,96.6522,617.754,-125.097
6,3,96.6227,617.383,-125.244
6,3,96.6153,617.291,-125.281
6,3,96.6005,617.105,-125.354
6,3,96.5636,616.642,-125.538
6,3,96.5488,616.456,-125.611
6,3,96.5415,616.363,-125.648
6,3,96.4898,615.714,-125.904
6,3,96.4602,615.343,-126.051
6,3,96.4086,614.694,-126.308
6,3,96.3716,614.231,-126.492
6,3,96.3569,614.045,-126.565
6,3,96.3347,613.767,-126.675
6,3,96.3126,613.489,-126.785
6,3,96.2756,613.025,-126.969
6,3,96.6493,617.718,-125.111
6,2,91.3517,550.815,-151.588
6,2,91.3003,550.165,-151.844
6,2,91.2709,549.794,-151.991
6,2,91.1974,548.867,-152.358
6,2,91.1827,548.682,-152.432
6,2,91.1093,547.754,-152.798
6,2,91.102,547.662,-152.835
6,2,91.0873,547.476,-152.909
6,2,91.0432,546.92,-153.129
6,2,90.9697,545.992,-153.496
6,2,90.911,545.25,-153.789
6,2,90.8155,544.045,-154.266
6,2,90.8008,543.859,-154.34
6,2,90.7934,543.767,-154.376
6,2,90.7567,543.303,-154.56
6,2,90.7494,543.21,-154.596
6,2,91.0361,546.83,-153.164
6,1,81.0754,420.629,-203.145
6,1,81.0681,420.536,-203.181
6,1,81.0534,420.351,-203.255
6,1,81.0461,420.258,-203.291
6,1,81.0388,420.165,-203.328
6,1,81.0095,419.795,-203.475
6,1,81.0022,419.702,-203.512
6,1,80.9656,419.238,-203.695
6,1,80.9071,418.496,-203.989
6,1,80.8851,418.218,-204.099
6,1,80.8339,417.569,-204.356
6,1,80.8046,417.198,-204.503
6,1,80.79,417.013,-204.577
6,1,80.7754,416.827,-204.65
6,1,80.7241,416.178,-204.907
6,1,80.6876,415.715,-205.091
6,1,80.6729,415.529,-205.164
6,1,80.6583,415.344,-205.238
6,1,80.5558,414.046,-205.752
6,1,80.49,413.211,-206.082
6,1,80.9936,419.592,-203.555
6,0,75.5778,350.815,-230.778
6,0,75.5704,350.722,-230.814
6,0,75.5631,350.629,-230.851
6,0,75.5411,350.351,-230.961
6,0,75.5338,350.258,-230.998
6,0,75.5045,349.887,-231.145
6,0,75.4679,349.424,-231.328
6,0,75.4386,349.053,-231.475
6,0,75.4166,348.774,-231.585
6,0,75.3727,348.218,-231.805
6,0,75.3507,347.94,-231.916
6,0,75.336,347.754,-231.989
6,0,75.3287,347.662,-232.026
6,0,75.3214,347.569,-232.062
6,0,75.3067,347.383,-232.136
6,0,75.2554,346.734,-232.393
6,0,75.2042,346.085,-232.65
6,0,75.1456,345.343,-232.943
6,0,75.0943,344.694,-233.2
6,0,74.999,343.489,-233.677
6,0,75.513,349.995,-231.102
6,3,78.5861,620.98,-101.129
6,3,78.4039,620.76,-101.039
6,3,78.161,620.466,-100.918
6,3,78.0395,620.319,-100.858
6,3,77.918,620.172,-100.797
6,3,77.7965,620.025,-100.737
6,3,77.7498,619.968,-100.714
6,3,77.6286,619.822,-100.651
6,3,77.4374,619.592,-100.552
6,3,76.659,618.643,-100.142
6,3,76.5775,618.543,-100.098
6,3,76.3698,618.296,-99.985
6,3,75.9,617.697,-99.7055
6,3,75.686,617.416,-99.5794
6,3,75.517,617.189,-99.4807
6,3,75.1954,616.75,-99.2949
6,3,74.8684,616.284,-99.1072
6,3,74.7441,616.106,-99.0359
6,3,74.164,615.247,-98.6683
6,3,73.9531,614.935,-98.5346
6,3,73.5779,614.379,-98.2968
6,3,73.4732,614.223,-98.2289
6,3,73.2638,613.91,-98.093
6,3,72.8451,613.285,-97.8213
7,0,243.302,350.314,212.319
7,0,243.148,350.057,212.306
7,0,242.79,349.456,212.273
7,0,242.073,348.256,212.209
7,0,241.612,347.484,212.168
7,0,241.407,347.141,212.149
7,0,240.946,346.369,212.108
7,0,240.843,346.197,212.099
7,0,240.536,345.683,212.071
7,0,240.382,345.426,212.057
7,0,239.716,344.311,211.998
7,0,239.46,343.882,211.975
7,0,238.948,343.024,211.929
7,0,242.33,348.686,212.232
8,1,-159.388,420.9,-53.1499
8,1,-159.39,420.85,-53.0633
8,1,-159.392,420.8,-52.9767
8,1,-159.396,420.7,-52.8036
8,1,-159.402,420.55,-52.5438
8,1,-159.406,420.45,-52.3707
8,1,-159.408,420.4,-52.2841
8,1,-159.412,420.3,-52.1109
8,1,-159.418,420.15,-51.8512
8,1,-159.42,420.1,-51.7646
8,1,-159.424,420,-51.5915
8,1,-159.426,419.95,-51.5049
8,1,-159.434,419.75,-51.1586
8,1,-159.438,419.65,-50.9854
8,1,-159.442,419.55,-50.8123
8,1,-159.448,419.4,-50.5525
8,1,-159.452,419.3,-50.3794
8,1,-159.458,419.15,-50.1197
8,1,-159.468,418.9,-49.6868
8,1,-159.47,418.85,-49.6002
8,1,-159.486,418.45,-48.9076
8,1,-159.496,418.2,-48.4747
8,1,-159.51,417.85,-47.8687
8,1,-159.518,417.65,-47.5223
8,1,-159.52,417.6,-47.4358
8,1,-159.538,417.15,-46.6566
8,1,-159.558,416.65,-45.7908
8,1,-159.566,416.45,-45.4445
8,1,-159.568,416.4,-45.3579
8,1,-159.584,416,-44.6653
8,1,-159.594,415.75,-44.2324
8,1,-159.598,415.65,-44.0592
8,1,-159.604,415.5,-43.7995
8,1,-159.626,414.95,-42.8471
8,1,-159.64,414.6,-42.2411
8,1,-159.646,414.45,-41.9814
8,1,-159.66,414.1,-41.3753
8,1,-159.662,414.05,-41.2887
8,1,-159.67,413.85,-40.9424
8,1,-159.688,413.4,-40.1632
8,1,-159.694,413.25,-39.9035
8,0,-162.191,350.5,68.7713
8,0,-162.197,350.35,69.0311
8,0,-162.229,349.551,70.4165
8,0,-162.233,349.451,70.5897
8,0,-162.252,348.951,71.4556
8,0,-162.254,348.901,71.5422
8,0,-162.258,348.801,71.7154
8,0,-162.27,348.501,72.2349
8,0,-162.272,348.451,72.3215
8,0,-162.274,348.401,72.4081
8,0,-162.274,348.396,72.4164
8,0,-162.28,348.246,72.6761
8,0,-162.296,347.846,73.3688
8,0,-162.302,347.696,73.6286
8,0,-162.306,347.596,73.8018
8,0,-162.31,347.496,73.975
8,0,-162.318,347.296,74.3213
8,0,-162.324,347.147,74.5811
8,0,-162.326,347.097,74.6677
8,0,-162.334,346.897,75.014
8,0,-162.336,346.847,75.1006
8,0,-162.346,346.597,75.5336
8,0,-162.377,345.797,76.919
8,0,-162.379,345.747,77.0056
8,0,-162.381,345.697,77.0922
8,0,-162.387,345.547,77.3519
8,0,-162.409,344.997,78.3044
8,0,-162.429,344.497,79.1703
8,0,-162.433,344.397,79.3435
8,0,-162.437,344.297,79.5167
8,0,-162.443,344.148,79.7764
8,0,-162.445,344.098,79.863
8,0,-162.451,343.948,80.1228
8,0,-162.455,343.848,80.296
8,0,-162.461,343.698,80.5557
8,0,-162.465,343.598,80.7289
8,0,-162.469,343.498,80.9021
8,0,-162.485,343.098,81.5948
8,0,-162.297,348.406,72.438
8,0,-162.343,348.407,72.4803
8,0,-162.364,348.442,72.4855
8,0,-162.366,348.435,72.5133
8,0,-162.346,348.434,72.5288
8,0,-162.339,348.433,72.5442
8,0,-162.325,348.431,72.5468
8,0,-162.332,348.432,72.5458
8,0,-162.332,348.437,72.547
9,3,94.3535,620.37,88.6952
9,3,94.0193,619.561,88.9022
9,3,93.9079,619.291,88.9711
9,3,93.648,618.661,89.1321
9,3,93.6109,618.571,89.1551
9,3,93.351,617.941,89.3161
9,3,93.2396,617.671,89.385
9,3,93.2025,617.582,89.408
9,3,93.0168,617.132,89.523
9,3,92.7569,616.502,89.6839
9,3,92.6084,616.142,89.7759
9,3,92.5713,616.052,89.7989
9,3,92.1629,615.063,90.0518
9,3,91.9773,614.613,90.1668
9,3,91.903,614.433,90.2128
9,3,91.8659,614.343,90.2358
9,3,91.4946,613.443,90.4657
9,3,91.4575,613.353,90.4887
9,2,65.6237,550.82,106.461
9,2,65.5866,550.73,106.484
9,2,65.4751,550.46,106.553
9,2,65.2892,550.01,106.667
9,2,65.2149,549.831,106.713
9,2,65.1777,549.741,106.736
9,2,65.0662,549.471,106.805
9,2,64.9547,549.201,106.874
9,2,64.9175,549.111,106.897
9,2,64.8804,549.021,106.92
9,2,64.6945,548.571,107.034
9,2,64.583,548.301,107.103
9,2,64.3228,547.672,107.264
9,2,64.0627,547.042,107.424
9,2,63.7282,546.232,107.631
9,2,63.6167,545.962,107.7
9,2,63.5423,545.782,107.746
9,2,63.3936,545.423,107.837
9,2,63.245,545.063,107.929
9,2,63.2078,544.973,107.952
9,2,63.0963,544.703,108.021
9,2,63.0591,544.613,108.044
9,2,62.9105,544.253,108.135
9,2,62.6875,543.713,108.273
9,1,11.9145,420.73,139.621
9,1,11.8402,420.55,139.667
9,1,11.7287,420.28,139.736
9,1,11.6544,420.1,139.782
9,1,11.4687,419.651,139.897
9,1,11.3944,419.471,139.942
9,1,11.2829,419.201,140.011
9,1,11.06,418.661,140.149
9,1,11.0228,418.571,140.172
9,1,10.9857,418.481,140.195
9,1,10.6884,417.761,140.379
9,1,10.4284,417.132,140.539
9,1,9.94538,415.962,140.838
9,1,9.72246,415.423,140.975
9,1,9.46238,414.793,141.136
9,1,9.42523,414.703,141.159
9,1,9.23946,414.253,141.274
9,0,-17.0478,350.64,157.498
9,0,-17.1222,350.46,157.544
9,0,-17.1967,350.281,157.59
9,0,-17.2339,350.191,157.613
9,0,-17.3828,349.831,157.705
9,0,-17.73,348.992,157.919
9,0,-18.0278,348.273,158.103
9,0,-18.5118,347.104,158.402
9,0,-18.7724,346.475,158.563
9,0,-18.8468,346.295,158.609
9,0,-19.0702,345.755,158.747
9,0,-19.1446,345.575,158.792
9,0,-19.7403,344.137,159.16
9,0,-20.1125,343.237,159.39
9,0,-20.1497,343.147,159.413
9,0,-17.7272,348.99,157.915
9,0,-17.72,348.986,157.904
9,0,-17.7148,348.988,157.902
9,2,65.4471,550.029,107.38
9,2,65.3346,549.638,107.67
9,2,65.2672,549.403,107.845
9,2,65.1547,549.013,108.135
9,2,65.0816,548.758,108.325
9,2,65.0358,548.6,108.44
9,2,64.9552,548.323,108.641
9,2,64.8628,548.009,108.87
9,2,64.8226,547.875,108.968
9,2,64.6544,547.328,109.37
9,2,64.5502,546.989,109.62
9,2,64.4785,546.753,109.79
9,2,64.4474,546.65,109.864
9,2,64.4237,546.571,109.92
9,2,64.281,546.096,110.263
9,2,64.2335,545.938,110.377
9,2,64.0909,545.466,110.717
9,2,64.0671,545.387,110.774
9,2,64.0051,545.181,110.922
9,2,63.9815,545.103,110.979
9,2,63.9342,544.945,111.093
9,2,63.8161,544.552,111.379
9,2,63.7924,544.474,111.436
9,2,63.6818,544.101,111.713
9,2,63.4277,543.244,112.354
9,2,64.9801,548.601,108.185
9,1,23.0345,420.935,146.219
9,1,22.9621,420.871,146.195
9,1,22.8172,420.742,146.147
9,1,21.8754,419.903,145.831
9,1,21.5856,419.645,145.734
9,1,21.5131,419.581,145.709
9,1,21.1346,419.244,145.583
9,1,20.7716,418.921,145.463
9,1,20.6932,418.852,145.437
9,1,20.4729,418.658,145.373
9,1,19.5985,417.891,145.121
9,1,19.0933,417.446,144.983
9,1,18.8364,417.22,144.915
9,1,18.3217,416.765,144.778
9,1,17.7336,416.246,144.623
9,1,16.8696,415.474,144.395
9,1,16.7104,415.331,144.353
9,1,16.5645,415.199,144.315
9,1,16.4916,415.134,144.296
9,1,16.3384,414.996,144.256
9,1,16.1192,414.799,144.199
9,1,15.8999,414.603,144.142
9,1,15.4598,414.208,144.027
9,1,15.0984,413.875,143.937
9,1,15.069,413.848,143.929
9,1,14.9963,413.782,143.911
9,1,14.8507,413.649,143.875
9,1,14.7848,413.589,143.859
9,1,14.6333,413.454,143.827
9,1,14.3382,413.191,143.764
9,1,13.101,416.578,141.822
9,1,9.55342,413.141,146.812
9,1,9.52608,413.196,146.891
9,1,9.20996,413.844,147.858
9,1,9.18601,413.898,147.938
9,1,9.13811,414.006,148.1
9,1,9.10128,414.089,148.224
9,1,9.0351,414.235,148.44
9,1,8.86191,414.615,149.001
9,1,8.86091,414.618,149.004
9,1,8.82405,414.696,149.12
9,1,8.76942,414.803,149.28
9,1,8.7421,414.857,149.36
9,1,8.71479,414.91,149.44
9,1,8.68095,414.977,149.539
9,1,8.62614,415.082,149.7
9,1,8.31854,415.673,150.603
9,1,8.291,415.725,150.684
9,1,8.28053,415.745,150.714
9,1,8.2414,415.816,150.826
9,1,8.21238,415.868,150.906
9,1,8.1195,416.035,151.163
9,1,8.10924,416.054,151.192
9,1,7.90705,416.483,151.835
9,1,7.71879,416.87,152.418
9,1,7.68976,416.922,152.498
9,1,7.51553,417.237,152.978
9,1,7.45746,417.342,153.138
9,1,7.40793,417.426,153.268
9,1,7.39832,417.442,153.293
9,1,7.32992,417.545,153.452
9,1,7.22819,417.697,153.69
9,1,7.16037,417.798,153.849
9,1,7.10634,417.878,153.975
9,1,7.02796,417.998,154.168
9,1,7.01957,418.011,154.187
9,1,6.94371,418.121,154.353
9,1,6.83535,418.278,154.584
9,1,6.49464,418.773,155.311
9,1,6.45783,418.827,155.387
9,1,6.39881,418.914,155.508
9,1,6.01138,419.489,156.207
9,1,6.00228,419.504,156.224
9,1,5.62169,420.108,156.924
9,1,5.45544,420.369,157.23
9,1,5.43963,420.393,157.258
9,1,5.31769,420.568,157.469
9,1,5.30607,420.585,157.489
9,1,10.9164,420.769,142.281
11,2,-244.909,550.822,-146.214
11,2,-244.769,550.289,-146.451
11,2,-244.746,550.201,-146.491
11,2,-244.606,549.668,-146.728
11,2,-244.397,548.868,-147.085
11,2,-244.373,548.779,-147.124
11,2,-244.187,548.069,-147.441
11,2,-244.14,547.891,-147.52
11,2,-244.07,547.625,-147.639
11,2,-243.931,547.092,-147.877
11,2,-243.907,547.003,-147.916
11,2,-243.861,546.825,-147.995
11,2,-243.837,546.736,-148.035
11,2,-243.791,546.559,-148.114
11,2,-243.418,545.138,-148.748
11,2,-243.395,545.049,-148.787
11,2,-243.302,544.694,-148.946
11,2,-243.045,543.717,-149.381
11,2,-243.022,543.628,-149.421
11,2,-242.999,543.539,-149.46
11,2,-242.929,543.272,-149.579
11,2,-242.906,543.184,-149.619
11,2,-242.882,543.095,-149.658
11,2,-243.214,544.359,-149.095
11,1,-210.805,420.822,-204.16
11,1,-210.642,420.201,-204.437
11,1,-210.549,419.845,-204.596
11,1,-210.433,419.401,-204.794
11,1,-210.246,418.691,-205.11
11,1,-210.06,417.98,-205.427
11,1,-210.013,417.802,-205.506
11,1,-209.943,417.536,-205.625
11,1,-209.757,416.825,-205.942
11,1,-209.617,416.292,-206.179
11,1,-209.547,416.026,-206.298
11,1,-209.454,415.671,-206.456
11,1,-209.267,414.96,-206.773
11,1,-209.244,414.871,-206.813
11,1,-209.221,414.782,-206.852
11,1,-209.198,414.693,-206.892
11,1,-209.011,413.983,-207.209
11,1,-208.988,413.894,-207.248
11,1,-208.964,413.805,-207.288
11,1,-208.918,413.628,-207.367
11,1,-210.033,417.878,-205.473
11,0,-192.395,350.645,-235.435
11,0,-192.348,350.467,-235.514
11,0,-192.255,350.112,-235.673
11,0,-192.231,350.023,-235.712
11,0,-192.022,349.223,-236.069
11,0,-191.952,348.957,-236.187
11,0,-191.742,348.158,-236.544
11,0,-191.649,347.802,-236.702
11,0,-191.532,347.358,-236.9
11,0,-191.462,347.092,-237.019
11,0,-191.416,346.914,-237.098
11,0,-191.369,346.736,-237.177
11,0,-191.299,346.47,-237.296
11,0,-191.276,346.381,-237.335
11,0,-190.973,345.226,-237.85
11,0,-190.856,344.782,-238.048
11,0,-190.81,344.605,-238.127
11,0,-190.786,344.516,-238.167
11,0,-190.693,344.16,-238.325
11,0,-190.6,343.805,-238.483
11,0,-190.507,343.45,-238.642
11,0,-190.46,343.272,-238.721
11,0,-190.437,343.183,-238.76
11,0,-190.39,343.006,-238.84
11,0,-192.032,349.264,-236.051
12,1,-55.7356,420.884,-158.348
12,1,-55.7779,420.768,-158.191
12,1,-55.8202,420.652,-158.034
12,1,-56.1163,419.839,-156.933
12,1,-56.3701,419.143,-155.989
12,1,-56.4758,418.853,-155.596
12,1,-56.645,418.388,-154.967
12,1,-56.9411,417.576,-153.866
12,1,-57.068,417.228,-153.394
12,1,-57.2795,416.647,-152.608
12,1,-57.3218,416.531,-152.45
12,1,-57.4064,416.299,-152.136
12,1,-57.5968,415.777,-151.428
12,1,-57.766,415.312,-150.799
12,1,-57.8294,415.138,-150.563
12,1,-57.8717,415.022,-150.406
12,1,-57.8929,414.964,-150.327
12,1,-57.9986,414.674,-149.934
12,1,-58.0832,414.442,-149.619
12,1,-58.4005,413.571,-148.44
12,1,-58.5274,413.223,-147.968
12,1,-57.5535,415.895,-151.589
12,0,-81.3222,350.768,-63.4311
12,0,-81.3434,350.71,-63.3525
12,0,-81.4495,350.42,-62.9593
12,0,-81.4707,350.362,-62.8807
12,0,-81.5343,350.188,-62.6448
12,0,-81.5555,350.13,-62.5662
12,0,-81.5979,350.013,-62.4089
12,0,-81.7676,349.549,-61.7799
12,0,-81.8736,349.259,-61.3868
12,0,-82.1705,348.447,-60.286
12,0,-82.2342,348.273,-60.0501
12,0,-82.2554,348.214,-59.9714
12,0,-82.2766,348.156,-59.8928
12,0,-82.3614,347.924,-59.5783
12,0,-82.7007,346.996,-58.3203
12,0,-82.7432,346.88,-58.163
12,0,-82.828,346.647,-57.8485
12,0,-82.8916,346.473,-57.6127
12,0,-82.9552,346.299,-57.3768
12,0,-83.2309,345.545,-56.3547
12,0,-83.2521,345.487,-56.276
12,0,-83.2733,345.429,-56.1974
12,0,-83.4005,345.08,-55.7257
12,0,-83.4218,345.022,-55.647
12,0,-83.443,344.964,-55.5684
12,0,-83.5066,344.79,-55.3326
12,0,-83.6338,344.442,-54.8608
12,0,-83.7399,344.152,-54.4677
12,0,-83.7823,344.036,-54.3105
12,0,-83.952,343.571,-53.6815
12,0,-84.058,343.281,-53.2884
12,0,-84.1004,343.165,-53.1311
14,3,-95.2052,620.632,-36.0294
14,3,-95.228,620.448,-35.9547
14,3,-95.2509,620.264,-35.88
14,3,-95.3194,619.711,-35.6559
14,3,-95.3765,619.251,-35.4691
14,3,-95.4221,618.883,-35.3196
14,3,-95.4678,618.515,-35.1702
14,3,-95.4906,618.33,-35.0954
14,3,-95.5477,617.87,-34.9086
14,3,-95.5706,617.686,-34.8339
14,3,-95.6733,616.858,-34.4977
14,3,-95.6848,616.766,-34.4603
14,3,-95.6962,616.673,-34.4229
14,3,-95.719,616.489,-34.3482
14,3,-95.8674,615.293,-33.8625
14,3,-95.8789,615.201,-33.8251
14,3,-95.9245,614.832,-33.6757
14,3,-95.9702,614.464,-33.5262
14,3,-96.0159,614.096,-33.3768
14,3,-96.073,613.636,-33.19
14,3,-96.1187,613.268,-33.0405
14,3,-96.1301,613.175,-33.0032
14,3,-96.1416,613.083,-32.9658
14,2,-103.861,550.908,-7.72867
14,2,-103.895,550.632,-7.61666
14,2,-103.975,549.987,-7.35531
14,2,-103.987,549.895,-7.31798
14,2,-104.021,549.619,-7.20597
14,2,-104.124,548.791,-6.86995
14,2,-104.135,548.698,-6.83261
14,2,-104.192,548.238,-6.64593
14,2,-104.204,548.146,-6.6086
14,2,-104.307,547.318,-6.27258
14,2,-104.387,546.673,-6.01123
14,2,-104.41,546.489,-5.93656
14,2,-104.467,546.029,-5.74988
14,2,-104.49,545.845,-5.67521
14,2,-104.558,545.292,-5.4512
14,2,-104.57,545.2,-5.41386
14,2,-104.673,544.372,-5.07784
14,2,-104.707,544.095,-4.96583
14,2,-104.741,543.819,-4.85382
14,2,-104.776,543.543,-4.74182
14,2,-104.787,543.451,-4.70448
14,1,-120.009,420.724,45.0977
14,1,-120.032,420.54,45.1724
14,1,-120.112,419.896,45.4342
14,1,-120.146,419.619,45.5464
14,1,-120.192,419.251,45.6959
14,1,-120.226,418.975,45.8081
14,1,-120.283,418.515,45.9951
14,1,-120.329,418.147,46.1446
14,1,-120.34,418.055,46.182
14,1,-120.489,416.858,46.6681
14,1,-120.512,416.674,46.7429
14,1,-120.638,415.662,47.1542
14,1,-120.672,415.386,47.2663
14,1,-120.683,415.294,47.3037
14,1,-120.935,413.269,48.1263
14,0,-128.673,350.908,73.4046
14,0,-128.731,350.448,73.5914
14,0,-128.799,349.895,73.8155
14,0,-129.028,348.054,74.5626
14,0,-129.062,347.778,74.6747
14,0,-129.131,347.226,74.8988
14,0,-129.154,347.042,74.9735
14,0,-129.176,346.858,75.0482
14,0,-129.405,345.016,75.7953
14,0,-129.451,344.648,75.9447
14,0,-129.599,343.452,76.4304
14,0,-129.611,343.36,76.4677
15,3,37.1828,619.015,85.9915
15,3,37.1778,618.718,86.0282
15,3,37.1676,618.122,86.1018
15,3,37.1608,617.725,86.1508
15,3,37.1354,616.237,86.3347
15,3,37.1134,614.947,86.494
15,3,37.11,614.748,86.5185
15,3,37.1066,614.55,86.543
15,3,37.1033,614.351,86.5675
15,3,37.0848,613.26,86.7024
15,3,37.0814,613.061,86.7269
15,3,37.1406,616.533,86.2981
15,2,36.1672,549.81,94.7107
15,2,36.1606,549.314,94.7745
15,2,36.1528,548.719,94.8511
15,2,36.1385,547.628,94.9915
15,2,36.1372,547.529,95.0043
15,2,36.1293,546.934,95.0809
15,2,36.1176,546.041,95.1958
15,2,36.101,544.784,95.3576
15,2,36.0893,543.892,95.4724
15,1,34.4539,420.802,111.477
15,1,34.4489,420.306,111.541
15,1,34.4459,420.008,111.579
15,1,34.4228,417.727,111.875
15,1,34.4188,417.331,111.926
15,1,34.4138,416.835,111.99
15,1,34.4077,416.24,112.067
15,1,34.4027,415.744,112.132
15,1,34.3916,414.653,112.273
15,1,34.3896,414.455,112.299
15,1,34.3815,413.662,112.401
15,1,34.3805,413.562,112.414
15,0,33.5654,350.603,120.439
15,0,33.5596,350.107,120.5
15,0,33.5561,349.809,120.536
15,0,33.5455,348.916,120.646
15,0,33.5432,348.717,120.67
15,0,33.5338,347.923,120.768
15,0,33.5291,347.526,120.816
15,0,33.5221,346.931,120.889
15,0,33.515,346.335,120.962
15,0,33.5033,345.343,121.084
15,0,33.4857,343.854,121.267
15,0,33.4787,343.259,121.34
15,0,33.5181,346.598,120.93
15,2,36.1027,545.283,95.3303
15,2,36.0812,545.279,95.3429
15,2,36.0827,545.295,95.3573
15,2,36.0747,545.306,95.3637
15,2,36.0784,545.297,95.3718
15,2,36.0832,545.295,95.3735
15,3,45.9923,620.864,94.3686
15,3,46.4241,620.007,94.5852
15,3,46.6268,619.617,94.6809
15,3,46.6481,619.576,94.691
15,3,46.9758,619,94.8494
15,3,47.5021,618.067,95.0986
15,3,47.5091,618.054,95.1019
15,3,47.6476,617.799,95.1782
15,3,47.9708,617.204,95.3562
15,3,48.1289,616.913,95.4432
15,3,48.4453,616.329,95.6163
15,3,48.5153,616.2,95.6542
15,3,48.8806,615.516,95.8591
15,3,49.0177,615.255,95.9347
15,3,49.0932,615.102,95.9801
15,3,49.1361,615.016,96.0068
15,3,49.179,614.929,96.0335
15,3,49.5708,614.141,96.2776
15,3,49.7189,613.781,96.37
15,3,49.7559,613.691,96.3932
15,3,49.867,613.421,96.4625
16,3,226.079,620.9,-94.4872
16,3,226.092,620.101,-94.5159
16,3,226.094,620.001,-94.5195
16,3,226.099,619.701,-94.5303
16,3,226.122,618.302,-94.5805
16,3,226.16,616.104,-94.6594
16,3,226.165,615.804,-94.6702
16,3,226.173,615.304,-94.6882
16,3,226.085,620.537,-94.5003
16,2,227.25,550.9,-97.0024
16,2,227.254,550.6,-97.0134
16,2,227.263,550.001,-97.0355
16,2,227.268,549.701,-97.0465
16,2,227.274,549.301,-97.0612
16,2,227.294,548.002,-97.109
16,2,227.302,547.503,-97.1274
16,2,227.303,547.403,-97.1311
16,2,227.311,546.903,-97.1495
16,2,227.335,545.305,-97.2083
16,2,227.349,544.405,-97.2414
16,2,227.351,544.305,-97.2451
16,2,227.355,544.006,-97.2561
16,2,227.322,546.203,-97.1753
16,1,229.304,420.9,-101.872
16,1,229.31,420.5,-101.887
16,1,229.315,420.201,-101.899
16,1,229.319,419.901,-101.91
16,1,229.347,418.202,-101.976
16,1,229.353,417.803,-101.991
16,1,229.358,417.503,-102.003
16,1,229.367,416.904,-102.026
16,1,229.371,416.704,-102.034
16,1,229.375,416.404,-102.045
16,1,229.377,416.304,-102.049
16,1,229.402,414.705,-102.111
16,1,229.407,414.406,-102.122
16,1,229.417,413.806,-102.145
16,1,229.428,413.107,-102.172
16,1,229.43,413.007,-102.176
16,1,229.414,413.981,-102.139
16,0,230.429,350.101,-104.606
16,0,230.43,350.001,-104.609
16,0,230.436,349.601,-104.625
16,0,230.457,348.102,-104.683
16,0,230.461,347.803,-104.694
16,0,230.467,347.403,-104.71
16,0,230.476,346.704,-104.736
16,0,230.479,346.504,-104.744
16,0,230.482,346.304,-104.752
16,0,230.483,346.204,-104.756
16,0,230.489,345.804,-104.771
16,0,230.495,345.405,-104.786
16,0,230.497,345.205,-104.794
16,0,230.5,345.005,-104.802
16,0,230.513,344.106,-104.836
16,0,230.518,343.706,-104.852
16,0,230.528,343.007,-104.879
16,0,230.459,347.913,-104.69
17,3,-209.321,620.868,228.346
17,3,-209.391,620.802,228.318
17,3,-209.599,620.604,228.232
17,3,-209.877,620.34,228.118
17,3,-209.947,620.274,228.09
17,3,-210.017,620.208,228.061
17,3,-210.364,619.879,227.919
17,3,-210.573,619.681,227.833
17,3,-210.921,619.351,227.691
17,3,-211.199,619.087,227.577
17,3,-211.407,618.889,227.491
17,3,-211.616,618.691,227.406
17,3,-211.964,618.361,227.263
17,3,-212.033,618.295,227.235
17,3,-212.103,618.229,227.206
17,3,-212.311,618.032,227.121
17,3,-212.381,617.966,227.092
17,3,-212.451,617.9,227.064
17,3,-213.841,616.58,226.494
17,3,-214.328,616.118,226.294
17,3,-214.467,615.987,226.237
17,3,-214.954,615.525,226.038
17,3,-215.024,615.459,226.009
17,3,-215.302,615.195,225.895
17,3,-215.371,615.129,225.867
17,3,-215.928,614.601,225.639
17,3,-216.136,614.403,225.553
17,3,-216.693,613.876,225.325
17,3,-217.04,613.546,225.183
17,3,-217.319,613.282,225.069
17,3,-209.586,620.616,228.237
18,1,237.622,420.043,35.0899
18,1,237.3,419.277,34.7991
18,1,237.116,418.842,34.6341
18,1,237.043,418.668,34.568
18,1,237.006,418.581,34.535
18,1,236.603,417.624,34.1719
18,1,236.567,417.537,34.1389
18,1,236.164,416.58,33.7757
18,1,235.98,416.145,33.6107
18,1,235.944,416.058,33.5777
18,1,235.76,415.623,33.4126
18,1,235.357,414.667,33.0495
18,1,234.991,413.797,32.7193
18,1,234.918,413.623,32.6533
18,1,234.661,413.014,32.4222
18,1,235.218,414.336,32.9239
18,0,208.436,350.913,8.89128
18,0,208.289,350.565,8.75919
18,0,208.253,350.478,8.72617
18,0,208.216,350.391,8.69314
18,0,207.995,349.87,8.49501
18,0,207.959,349.783,8.46198
18,0,207.848,349.522,8.36291
18,0,207.775,349.348,8.29687
18,0,207.738,349.261,8.26385
18,0,207.554,348.826,8.09876
18,0,207.518,348.739,8.06574
18,0,206.378,346.044,7.04213
18,0,206.342,345.957,7.00911
18,0,206.158,345.523,6.84402
18,0,206.121,345.436,6.811
18,0,205.937,345.001,6.64591
18,0,205.606,344.218,6.34874
18,0,205.312,343.523,6.08461
18,0,205.239,343.349,6.01858
18,0,205.129,343.088,5.91953
18,0,206.36,346.002,7.0262
18,1,237.355,419.643,34.9682
18,1,237.275,419.645,35.0166
18,1,237.187,419.673,35.0547
18,1,237.101,419.709,35.089
18,1,237.017,419.746,35.1059
18,1,236.999,419.788,35.0338
18,1,237.032,419.842,34.9592
18,1,237.07,419.889,34.8969
18,1,237.118,419.946,34.9405
18,1,237.147,420.021,34.9594
18,1,237.115,420.095,34.9721
18,1,237.06,420.109,34.9143
18,1,237.028,420.071,34.851
18,1,236.961,420.031,34.8302
18,1,236.96,419.998,34.7657
18,1,236.922,419.969,34.7162
18,1,236.882,419.954,34.6837
18,1,236.876,419.932,34.6857
18,1,236.871,419.912,34.6875
18,1,236.868,419.909,34.6914
18,1,236.869,419.906,34.6904
18,1,236.867,419.905,34.6902
21,3,15.4398,620.756,-204.58
21,3,15.0351,620.188,-204.527
21,3,14.3413,619.213,-204.438
21,3,13.9944,618.725,-204.393
21,3,13.9366,618.644,-204.385
21,3,13.0694,617.425,-204.273
21,3,13.0116,617.344,-204.266
21,3,12.9537,617.263,-204.258
21,3,12.7225,616.938,-204.228
21,3,12.4334,616.531,-204.191
21,3,11.8553,615.719,-204.116
21,3,11.7974,615.638,-204.109
21,3,11.7396,615.556,-204.102
21,3,11.2193,614.825,-204.034
21,3,10.988,614.5,-204.004
21,3,10.9302,614.419,-203.997
21,3,10.8146,614.256,-203.982
21,3,10.699,614.094,-203.967
21,3,10.1786,613.362,-203.9
21,3,10.063,613.2,-203.885
21,3,10.3106,613.548,-203.917
21,2,-34.2666,550.919,-198.148
21,2,-34.4401,550.675,-198.126
21,2,-34.4979,550.594,-198.118
21,2,-35.0185,549.863,-198.051
21,2,-35.5968,549.05,-197.976
21,2,-36.0595,548.401,-197.917
21,2,-36.1752,548.238,-197.902
21,2,-36.4066,547.913,-197.872
21,2,-36.4644,547.832,-197.864
21,2,-37.0428,547.02,-197.789
21,2,-37.2163,546.776,-197.767
21,2,-37.9682,545.72,-197.67
21,2,-38.0839,545.557,-197.655
21,2,-38.4309,545.07,-197.61
21,2,-38.6623,544.745,-197.58
21,2,-38.778,544.583,-197.565
21,2,-39.125,544.095,-197.52
21,2,-39.7612,543.202,-197.438
21,2,-39.8769,543.039,-197.423
21,2,-36.7746,547.396,-197.824
21,1,-126.854,420.838,-186.202
21,1,-127.086,420.513,-186.172
21,1,-127.144,420.431,-186.165
21,1,-127.202,420.35,-186.157
21,1,-127.838,419.457,-186.075
21,1,-128.417,418.645,-186.001
21,1,-128.88,417.995,-185.941
21,1,-128.995,417.833,-185.926
21,1,-129.111,417.67,-185.912
21,1,-129.343,417.345,-185.882
21,1,-129.4,417.264,-185.874
21,1,-129.574,417.02,-185.852
21,1,-130.5,415.721,-185.733
21,1,-131.079,414.909,-185.658
21,1,-131.136,414.828,-185.651
21,1,-131.426,414.421,-185.614
21,1,-131.889,413.772,-185.554
21,1,-132.178,413.366,-185.517
21,1,-127.007,420.623,-186.182
21,0,-177.155,350.269,-179.772
21,0,-177.271,350.107,-179.757
21,0,-177.908,349.213,-179.675
21,0,-178.023,349.051,-179.66
21,0,-178.139,348.888,-179.645
21,0,-178.255,348.726,-179.63
21,0,-178.66,348.157,-179.578
21,0,-178.833,347.914,-179.556
21,0,-178.891,347.832,-179.548
21,0,-179.007,347.67,-179.533
21,0,-179.238,347.345,-179.504
21,0,-179.585,346.858,-179.459
21,0,-179.933,346.37,-179.414
21,0,-180.222,345.964,-179.377
21,0,-180.395,345.721,-179.355
21,0,-180.743,345.233,-179.31
21,0,-181.032,344.827,-179.273
21,0,-181.379,344.34,-179.228
21,0,-181.437,344.259,-179.221
21,0,-180.166,346.043,-179.384
22,3,-204.859,620.587,40.4295
22,3,-204.808,620.422,40.3291
22,3,-204.705,620.091,40.1284
22,3,-204.628,619.843,39.9779
22,3,-204.603,619.761,39.9277
22,3,-204.526,619.513,39.7772
22,3,-204.346,618.935,39.426
22,3,-204.321,618.852,39.3758
22,3,-204.269,618.687,39.2755
22,3,-204.244,618.604,39.2253
22,3,-204.141,618.274,39.0246
22,3,-204.039,617.943,38.8239
22,3,-204.013,617.861,38.7737
22,3,-203.654,616.704,38.0713
22,3,-203.423,615.96,37.6197
22,3,-203.321,615.63,37.419
22,3,-203.27,615.465,37.3187
22,3,-203.244,615.382,37.2685
22,3,-203.218,615.299,37.2183
22,3,-203.167,615.134,37.118
22,3,-203.065,614.804,36.9173
22,3,-202.988,614.556,36.7667
22,3,-202.859,614.143,36.5159
22,3,-202.629,613.399,36.0643
22,3,-202.603,613.317,36.0141
22,3,-202.552,613.151,35.9138
22,3,-203.05,614.758,36.8896
22,2,-183.216,550.835,-1.93072
22,2,-183.011,550.174,-2.3321
22,2,-182.73,549.265,-2.88399
22,2,-182.371,548.108,-3.5864
22,2,-182.345,548.026,-3.63657
22,2,-182.268,547.778,-3.78709
22,2,-182.191,547.53,-3.93761
22,2,-182.166,547.447,-3.98778
22,2,-182.089,547.199,-4.13829
22,2,-181.986,546.869,-4.33898
22,2,-181.756,546.125,-4.79053
22,2,-181.73,546.043,-4.8407
22,2,-181.628,545.712,-5.04139
22,2,-181.602,545.63,-5.09156
22,2,-181.551,545.464,-5.19191
22,2,-181.371,544.886,-5.54311
22,2,-181.141,544.142,-5.99466
22,2,-181.09,543.977,-6.09501
22,2,-180.91,543.399,-6.44621
22,2,-180.885,543.316,-6.49638
22,1,-142.927,420.917,-80.8187
22,1,-142.798,420.504,-81.0695
22,1,-142.568,419.761,-81.521
22,1,-142.44,419.348,-81.7718
22,1,-142.388,419.182,-81.8722
22,1,-142.03,418.026,-82.5745
22,1,-142.004,417.943,-82.6246
22,1,-141.978,417.86,-82.6748
22,1,-141.85,417.447,-82.9256
22,1,-141.773,417.199,-83.0761
22,1,-141.722,417.034,-83.1764
22,1,-141.638,416.764,-83.3405
22,1,-141.561,416.516,-83.4909
22,1,-141.459,416.186,-83.6916
22,1,-141.433,416.103,-83.7418
22,1,-141.254,415.525,-84.0929
22,1,-141.126,415.111,-84.3437
22,1,-141.1,415.029,-84.3939
22,1,-140.972,414.616,-84.6447
22,1,-140.87,414.285,-84.8454
22,1,-140.588,413.376,-85.3972
22,1,-140.562,413.294,-85.4474
22,1,-140.511,413.128,-85.5477
22,0,-121.212,350.917,-123.319
22,0,-121.161,350.752,-123.42
22,0,-121.135,350.67,-123.47
22,0,-121.007,350.256,-123.721
22,0,-120.981,350.174,-123.771
22,0,-120.776,349.513,-124.172
22,0,-120.725,349.348,-124.272
22,0,-120.699,349.265,-124.323
22,0,-120.674,349.182,-124.373
22,0,-120.648,349.1,-124.423
22,0,-120.597,348.934,-124.523
22,0,-120.52,348.687,-124.674
22,0,-120.392,348.274,-124.925
22,0,-119.93,346.786,-125.828
22,0,-119.905,346.704,-125.878
22,0,-119.777,346.291,-126.129
22,0,-119.674,345.96,-126.329
22,0,-119.571,345.63,-126.53
22,0,-119.546,345.547,-126.58
22,0,-119.366,344.969,-126.931
22,0,-119.213,344.473,-127.232
22,0,-119.187,344.39,-127.282
22,0,-119.033,343.895,-127.583
22,0,-119.008,343.812,-127.634
22,0,-118.956,343.647,-127.734
22,0,-118.879,343.399,-127.884
22,1,-141.646,416.76,-83.34
22,1,-141.666,416.751,-83.339
22,1,-141.664,416.754,-83.3211
22,1,-141.652,416.746,-83.328
22,1,-141.652,416.74,-83.3418
22,2,-182.674,550.993,-1.99741
22,2,-182.228,550.741,-2.20326
22,2,-181.824,550.513,-2.39079
22,2,-181.794,550.496,-2.40494
22,2,-181.713,550.45,-2.44245
22,2,-181.31,550.222,-2.62999
22,2,-181.229,550.176,-2.6675
22,2,-180.987,550.039,-2.78003
22,2,-180.745,549.902,-2.89256
22,2,-180.584,549.811,-2.96758
22,2,-180.305,549.653,-3.09717
22,2,-179.902,549.424,-3.28375
22,2,-179.337,549.103,-3.54495
22,2,-179.256,549.057,-3.58227
22,2,-178.853,548.828,-3.76884
22,2,-178.45,548.599,-3.95541
22,2,-178.321,548.526,-4.01491
22,2,-178.159,548.435,-4.08834
22,2,-177.753,548.207,-4.27192
22,2,-176.942,547.753,-4.63907
22,2,-176.698,547.616,-4.74921
22,2,-176.211,547.344,-4.96951
22,2,-175.806,547.116,-5.15308
22,2,-175.724,547.071,-5.1898
22,2,-174.695,546.488,-5.6571
22,2,-174.593,546.43,-5.70311
22,2,-174.085,546.141,-5.93364
22,2,-173.923,546.049,-6.00745
22,2,-173.92,546.048,-6.00872
22,2,-173.271,545.678,-6.30529
22,2,-172.763,545.387,-6.53586
22,2,-172.602,545.295,-6.60961
22,2,-172.476,545.222,-6.66701
22,2,-172.258,545.097,-6.76266
22,2,-172.162,545.041,-6.80434
22,2,-171.559,544.693,-7.06463
22,2,-171.397,544.599,-7.1346
22,2,-171.073,544.412,-7.27319
22,2,-170.784,544.247,-7.39525
22,2,-170.61,544.147,-7.46902
22,2,-170.203,543.915,-7.64179
22,2,-170.04,543.822,-7.7109
22,2,-169.713,543.636,-7.84912
22,2,-169.468,543.497,-7.95304
22,2,-169.142,543.311,-8.09219
22,2,-169.061,543.264,-8.12698
22,2,-169.035,543.25,-8.1379
22,2,-169.886,543.691,-7.76115
24,3,231.73,620.639,-70.3431
24,3,231.678,620.566,-70.2976
24,3,231.47,620.277,-70.1157
24,3,231.313,620.061,-69.9793
24,3,231.209,619.916,-69.8884
24,3,230.272,618.616,-69.0698
24,3,230.168,618.471,-68.9789
24,3,230.064,618.327,-68.8879
24,3,229.856,618.038,-68.706
24,3,229.543,617.604,-68.4332
24,3,229.231,617.17,-68.1603
24,3,229.081,616.963,-68.0296
24,3,228.873,616.674,-67.8477
24,3,228.508,616.168,-67.5294
24,3,228.456,616.096,-67.4839
24,3,227.987,615.445,-67.0746
24,3,227.571,614.867,-66.7108
24,3,227.05,614.145,-66.2561
24,3,226.894,613.928,-66.1196
24,3,226.686,613.639,-65.9377
24,3,226.634,613.567,-65.8923
24,3,226.529,613.422,-65.8013
24,3,231.205,619.91,-69.8846
24,2,180.966,550.205,-26.0132
24,2,180.914,550.133,-25.9677
24,2,180.862,550.061,-25.9223
24,2,180.549,549.627,-25.6495
24,2,180.393,549.411,-25.513
24,2,180.133,549.049,-25.2857
24,2,179.976,548.833,-25.1493
24,2,179.56,548.255,-24.7855
24,2,179.143,547.677,-24.4218
24,2,179.091,547.604,-24.3763
24,2,178.883,547.315,-24.1944
24,2,178.83,547.243,-24.149
24,2,178.674,547.026,-24.0126
24,2,178.518,546.81,-23.8762
24,2,178.466,546.737,-23.8307
24,2,178.362,546.593,-23.7397
24,2,178.258,546.448,-23.6488
24,2,177.997,546.087,-23.4215
24,2,177.841,545.87,-23.2851
24,2,177.789,545.798,-23.2396
24,2,177.58,545.509,-23.0577
24,2,177.424,545.292,-22.9213
24,2,177.268,545.076,-22.7849
24,2,177.06,544.787,-22.603
24,2,176.903,544.57,-22.4666
24,2,176.851,544.498,-22.4211
24,2,176.226,543.631,-21.8755
24,2,176.174,543.558,-21.83
24,2,176.07,543.414,-21.7391
24,2,175.914,543.197,-21.6027
24,1,87.6707,420.783,55.4355
24,1,87.3582,420.35,55.7083
24,1,87.0978,419.988,55.9356
24,1,86.8895,419.699,56.1175
24,1,86.8374,419.627,56.1629
24,1,86.5249,419.194,56.4357
24,1,86.3686,418.977,56.5721
24,1,86.3165,418.905,56.6176
24,1,86.1603,418.688,56.754
24,1,85.8478,418.254,57.0268
24,1,85.4832,417.749,57.345
24,1,85.3269,417.532,57.4814
24,1,85.0665,417.171,57.7087
24,1,84.9623,417.026,57.7997
24,1,84.8061,416.809,57.9361
24,1,84.5977,416.52,58.1179
24,1,84.4935,416.376,58.2088
24,1,84.3894,416.231,58.2998
24,1,84.2852,416.087,58.3907
24,1,84.181,415.942,58.4816
24,1,84.129,415.87,58.5271
24,1,83.9727,415.653,58.6635
24,1,83.8164,415.437,58.7999
24,1,83.556,415.075,59.0272
24,1,83.1393,414.497,59.3909
24,1,83.0872,414.425,59.4364
24,1,82.931,414.208,59.5728
24,1,82.6706,413.847,59.8001
24,1,82.6185,413.775,59.8456
24,1,82.5664,413.703,59.891
24,1,82.5143,413.63,59.9365
24,1,82.4622,413.558,59.982
24,1,82.3581,413.414,60.0729
24,1,82.2018,413.197,60.2093
24,0,37.2565,350.855,99.4464
24,0,36.944,350.422,99.7191
24,0,36.8398,350.277,99.81
24,0,36.6315,349.988,99.9918
24,0,36.371,349.627,100.219
24,0,36.2148,349.41,100.355
24,0,36.1627,349.338,100.401
24,0,35.6939,348.688,100.81
24,0,35.6418,348.616,100.855
24,0,35.3293,348.182,101.128
24,0,35.2251,348.038,101.219
24,0,35.1209,347.893,101.31
24,0,34.8605,347.532,101.537
24,0,34.5479,347.098,101.81
24,0,34.4438,346.954,101.901
24,0,34.3917,346.881,101.946
24,0,33.975,346.303,102.31
24,0,33.9229,346.231,102.355
24,0,33.8187,346.087,102.446
24,0,33.5583,345.725,102.674
24,0,33.5062,345.653,102.719
24,0,33.3499,345.436,102.855
24,0,33.2978,345.364,102.901
24,0,33.1416,345.147,103.037
24,0,32.829,344.714,103.31
24,0,32.5686,344.353,103.537
24,0,32.1519,343.774,103.901
24,0,31.8914,343.413,104.128
24,3,229.239,617.028,-68.1494
24,3,229.319,616.909,-68.201
24,3,229.365,616.83,-68.2397
24,3,229.425,616.712,-68.2613
24,3,229.47,616.624,-68.2707
24,3,229.494,616.577,-68.2757
24,3,229.586,616.305,-68.3547
24,3,229.612,616.213,-68.3908
24,3,229.62,616.182,-68.4016
24,3,229.635,616.11,-68.4284
24,3,229.635,616.11,-68.4285
24,3,229.676,615.875,-68.5095
24,3,229.687,615.677,-68.6031
24,3,229.687,615.662,-68.6102
24,3,229.682,615.571,-68.6513
24,3,229.677,615.479,-68.6923
24,3,229.676,615.471,-68.6961
24,3,229.679,615.332,-68.7473
24,3,229.674,615.293,-68.7612
24,3,229.748,614.902,-68.9824
24,3,229.757,614.873,-69
24,3,229.913,614.667,-69.2658
24,3,229.913,614.666,-69.2672
24,3,229.947,614.635,-69.3343
24,3,229.959,614.625,-69.3603
24,3,229.962,614.623,-69.3652
24,3,229.962,614.623,-69.3664
24,3,229.962,614.622,-69.3747
24,3,229.958,614.618,-69.4174
24,3,229.923,614.592,-69.6073
24,3,229.905,614.585,-69.7055
24,3,229.736,614.531,-69.9551
24,3,229.52,614.415,-70.2249
24,3,229.473,614.388,-70.2851
24,3,229.374,614.352,-70.3959
24,3,229.319,614.331,-70.4609
24,3,229.312,614.327,-70.4722
24,3,229.31,614.325,-70.4773
24,3,229.309,614.325,-70.4795
24,3,229.225,614.291,-70.6579
24,3,229.205,614.277,-70.7111
24,3,229.18,614.261,-70.8066
24,3,229.138,614.234,-70.9685
24,3,229.116,614.217,-71.0359
24,3,229.102,614.207,-71.0824
24,3,229.067,614.182,-71.1726
24,3,228.998,614.14,-71.3327
24,3,228.98,614.134,-71.3707
24,3,228.979,614.133,-71.3747
24,3,228.963,614.12,-71.4691
24,3,228.931,614.115,-71.6247
24,3,228.914,614.117,-71.6902
24,3,228.912,614.117,-71.6953
24,3,228.91,614.118,-71.7016
24,3,228.909,614.119,-71.706
24,3,228.818,614.134,-71.8806
24,3,228.795,614.135,-71.9009
24,3,228.727,614.142,-71.974
24,3,228.658,614.139,-72.0631
24,3,228.604,614.134,-72.1482
24,3,228.554,614.125,-72.2343
24,3,228.504,614.117,-72.3203
24,3,228.504,614.117,-72.3209
24,3,228.476,614.016,-72.3674
24,3,228.476,613.996,-72.3689
24,3,228.496,613.882,-72.3803
24,3,228.51,613.797,-72.394
24,3,228.558,613.692,-72.4048
24,3,228.559,613.69,-72.405
24,3,228.597,613.636,-72.3975
24,3,228.703,613.499,-72.3726
24,3,228.718,613.483,-72.3744
24,3,228.921,613.418,-72.3795
24,3,229.012,613.375,-72.3808
24,3,229.111,613.327,-72.3806
24,3,229.151,613.313,-72.3716
24,3,229.257,613.267,-72.3339
24,3,229.339,613.264,-72.2507
24,3,229.415,613.269,-72.1707
24,3,229.459,613.276,-72.1243
24,3,229.503,613.281,-72.0792
24,3,229.508,613.281,-72.075
24,3,229.549,613.294,-72.0375
24,3,229.709,613.333,-71.8877
24,3,229.781,613.351,-71.8201
24,3,229.958,613.415,-71.6793
24,3,229.983,613.425,-71.6621
24,3,229.996,613.43,-71.6577
24,3,229.997,613.43,-71.6573
24,3,230.068,613.454,-71.6344
24,3,230.078,613.457,-71.6316
24,3,230.097,613.465,-71.6249
24,3,230.169,613.487,-71.604
24,3,230.22,613.502,-71.5916
24,3,230.225,613.504,-71.5908
24,3,230.3,613.531,-71.5866
24,3,230.301,613.532,-71.5866
24,3,230.307,613.535,-71.5861
24,3,230.347,613.548,-71.5828
24,3,230.442,613.578,-71.5707
24,3,230.45,613.58,-71.5699
24,3,230.564,613.599,-71.5604
24,3,230.713,613.623,-71.549
24,3,230.795,613.648,-71.5632
24,3,230.8,613.648,-71.5643
24,3,230.935,613.669,-71.64
24,3,230.968,613.668,-71.6712
24,3,231.093,613.658,-71.7719
24,3,231.187,613.64,-71.8405
24,3,231.272,613.607,-71.882
24,3,231.372,613.574,-71.9174
24,3,231.385,613.571,-71.9209
24,3,231.389,613.57,-71.922
24,3,231.407,613.562,-71.9291
24,3,231.44,613.552,-71.9348
24,3,231.44,613.552,-71.9348
24,3,231.603,613.49,-71.9499
24,3,231.606,613.489,-71.9503
24,3,231.721,613.488,-71.9796
24,3,231.818,613.501,-72.0036
24,3,232.004,613.515,-72.0158
24,3,232.071,613.509,-72.0196
24,3,232.178,613.488,-72.0197
24,3,232.293,613.459,-71.9688
24,3,232.36,613.45,-71.9324
24,3,232.37,613.451,-71.9289
24,3,232.436,613.456,-71.902
24,3,232.436,613.456,-71.902
24,3,232.525,613.488,-71.869
24,3,232.579,613.508,-71.8441
24,3,232.617,613.519,-71.8226
24,3,232.653,613.524,-71.7957
24,3,232.654,613.524,-71.7947
24,3,232.662,613.525,-71.7864
24,3,232.697,613.527,-71.751
24,3,232.736,613.51,-71.6997
24,3,232.754,613.497,-71.6806
24,3,232.829,613.447,-71.6134
24,3,232.871,613.451,-71.5513
24,3,232.906,613.453,-71.4574
24,3,232.921,613.453,-71.4131
24,3,232.93,613.45,-71.388
24,3,232.94,613.45,-71.3607
24,3,232.964,613.425,-71.3034
24,3,232.977,613.411,-71.2723
24,3,232.993,613.403,-71.2499
24,3,233.016,613.369,-71.1864
24,3,233.016,613.368,-71.1846
24,3,233.017,613.367,-71.1816
24,3,233.025,613.347,-71.1348
24,3,233.025,613.344,-71.1327
24,3,233.034,613.325,-71.1035
24,3,232.999,613.278,-71.1035
24,3,232.95,613.231,-71.1052
24,3,232.91,613.154,-71.0994
24,3,232.918,613.081,-71.0339
24,3,232.919,613.079,-71.0316
24,3,228.918,614.114,-71.6921
24,3,228.928,614.108,-71.6973
24,3,228.933,614.1,-71.6917
24,3,228.94,614.103,-71.6981
24,3,228.939,614.111,-71.7008
24,3,228.938,614.11,-71.7055
24,3,228.938,614.109,-71.7068
25,3,-212.166,620.581,28.9978
25,3,-211.957,620.245,28.9375
25,3,-211.8,619.994,28.8922
25,3,-211.695,619.826,28.862
25,3,-211.538,619.574,28.8168
25,3,-211.224,619.071,28.7262
25,3,-210.858,618.484,28.6206
25,3,-210.596,618.065,28.5452
25,3,-210.492,617.897,28.515
25,3,-210.387,617.729,28.4848
25,3,-210.335,617.645,28.4697
25,3,-210.282,617.561,28.4546
25,3,-210.125,617.31,28.4094
25,3,-209.759,616.723,28.3037
25,3,-209.602,616.471,28.2585
25,3,-209.445,616.219,28.2132
25,3,-209.341,616.052,28.183
25,3,-209.236,615.884,28.1529
25,3,-208.294,614.374,27.8812
25,3,-208.189,614.207,27.851
25,3,-207.98,613.871,27.7906
25,3,-207.666,613.368,27.7001
25,3,-207.614,613.284,27.685
25,3,-210.559,618.004,28.5343
25,2,-168.684,550.916,16.5071
25,2,-168.579,550.749,16.4772
25,2,-168.16,550.078,16.3578
25,2,-167.792,549.491,16.2534
25,2,-167.74,549.407,16.2385
25,2,-167.688,549.324,16.2236
25,2,-166.953,548.15,16.0147
25,2,-166.376,547.228,15.8506
25,2,-166.219,546.977,15.8058
25,2,-165.274,545.468,15.5372
25,2,-164.802,544.714,15.4029
25,2,-164.33,543.959,15.2686
25,2,-164.173,543.708,15.2238
25,2,-164.068,543.54,15.194
25,2,-163.911,543.289,15.1492
25,2,-166.408,547.279,15.8596
25,1,-87.5605,420.916,-6.57196
25,1,-87.4559,420.748,-6.60171
25,1,-87.299,420.496,-6.64634
25,1,-87.1944,420.329,-6.6761
25,1,-87.0898,420.161,-6.70586
25,1,-86.7761,419.657,-6.79512
25,1,-86.6192,419.405,-6.83976
25,1,-86.41,419.07,-6.89927
25,1,-86.3578,418.986,-6.91415
25,1,-85.5211,417.643,-7.15219
25,1,-85.3119,417.307,-7.2117
25,1,-85.2596,417.223,-7.22658
25,1,-85.0505,416.887,-7.28609
25,1,-84.8413,416.552,-7.34561
25,1,-84.6321,416.216,-7.40512
25,1,-83.6385,414.621,-7.68772
25,1,-83.4816,414.37,-7.73234
25,1,-83.2724,414.034,-7.79183
25,1,-83.1678,413.866,-7.82158
25,1,-82.8541,413.362,-7.91082
25,1,-82.7495,413.195,-7.94056
25,1,-82.6972,413.111,-7.95545
25,1,-85.8795,418.218,-7.05017
25,0,-43.6942,350.581,-18.8459
25,0,-42.9606,349.406,-19.0518
25,0,-42.4367,348.567,-19.1988
25,0,-42.3319,348.399,-19.2282
25,0,-42.2271,348.231,-19.2576
25,0,-42.1223,348.064,-19.287
25,0,-41.8079,347.56,-19.3753
25,0,-41.7555,347.476,-19.39
25,0,-41.6507,347.309,-19.4194
25,0,-41.1791,346.554,-19.5517
25,0,-40.5504,345.547,-19.7281
25,0,-40.498,345.463,-19.7428
25,0,-39.974,344.624,-19.8899
25,0,-39.8168,344.372,-19.934
25,0,-39.0309,343.114,-20.1546
25,0,-43.0535,349.555,-19.0257
26,3,68.5117,620.8,-111.481
26,3,68.5628,620.002,-111.496
26,3,68.6075,619.304,-111.509
26,3,68.6714,618.306,-111.528
26,3,68.7225,617.508,-111.543
26,3,68.8439,615.612,-111.579
26,3,68.8503,615.512,-111.58
26,3,68.8567,615.412,-111.582
26,3,68.9206,614.415,-111.601
26,3,68.9334,614.215,-111.605
26,3,68.9718,613.616,-111.616
26,3,68.9909,613.317,-111.622
26,3,68.8673,615.248,-111.585
26,2,73.008,550.401,-112.714
26,2,73.0334,550.002,-112.722
26,2,73.0524,549.703,-112.729
26,2,73.0714,549.404,-112.735
26,2,73.1032,548.905,-112.745
26,2,73.1349,548.406,-112.756
26,2,73.1794,547.707,-112.771
26,2,73.1984,547.408,-112.777
26,2,73.2047,547.308,-112.779
26,2,73.2174,547.109,-112.783
26,2,73.2238,547.009,-112.785
26,2,73.2365,546.809,-112.79
26,2,73.2682,546.311,-112.8
26,2,73.2873,546.011,-112.806
26,2,73.3,545.812,-112.811
26,2,73.319,545.512,-112.817
26,2,73.4078,544.115,-112.846
26,2,73.4713,543.118,-112.867
26,2,73.4661,543.2,-112.866
26,1,81.4702,420.202,-115.569
26,1,81.4837,420.003,-115.574
26,1,81.504,419.703,-115.581
26,1,81.5718,418.706,-115.605
26,1,81.6395,417.709,-115.629
26,1,81.653,417.509,-115.634
26,1,81.7411,416.212,-115.665
26,1,81.7614,415.913,-115.672
26,1,81.7817,415.614,-115.68
26,1,81.7885,415.514,-115.682
26,1,81.8291,414.916,-115.696
26,1,81.9036,413.819,-115.723
26,1,81.8807,414.157,-115.715
26,0,86.1538,350.9,-117.228
26,0,86.2471,349.504,-117.26
26,0,86.267,349.204,-117.267
26,0,86.3336,348.207,-117.29
26,0,86.347,348.007,-117.295
26,0,86.4069,347.11,-117.316
26,0,86.4136,347.01,-117.318
26,0,86.4469,346.511,-117.33
26,0,86.4602,346.312,-117.334
26,0,86.4802,346.012,-117.341
26,0,86.5668,344.716,-117.371
26,0,86.5801,344.516,-117.376
26,0,86.6133,344.017,-117.387
26,0,86.6267,343.818,-117.392
26,0,86.6066,344.119,-117.385
27,2,238.834,550.707,-102.54
27,2,238.707,550.561,-102.492
27,2,238.579,550.415,-102.445
27,2,238.069,549.829,-102.253
27,2,237.813,549.537,-102.157
27,2,237.686,549.39,-102.109
27,2,237.622,549.317,-102.085
27,2,237.366,549.025,-101.989
27,2,237.111,548.732,-101.893
27,2,236.856,548.439,-101.797
27,2,236.282,547.781,-101.582
27,2,235.835,547.269,-101.414
27,2,235.771,547.196,-101.39
27,2,234.686,545.952,-100.983
27,2,234.367,545.586,-100.863
27,2,233.665,544.781,-100.599
27,2,233.346,544.415,-100.479
27,2,232.771,543.757,-100.264
27,2,232.58,543.538,-100.192
27,2,232.325,543.245,-100.096
27,2,232.261,543.172,-100.072
27,2,233.677,544.796,-100.604
27,1,125.405,420.707,-59.9634
27,1,125.149,420.415,-59.8675
27,1,124.575,419.756,-59.6519
27,1,123.745,418.805,-59.3404
27,1,123.681,418.732,-59.3164
27,1,123.554,418.586,-59.2685
27,1,123.386,418.394,-59.2056
27,1,123.067,418.028,-59.0858
27,1,122.429,417.297,-58.8462
27,1,122.365,417.224,-58.8222
27,1,121.407,416.126,-58.4628
27,1,121.152,415.834,-58.3669
27,1,120.769,415.395,-58.2231
27,1,120.194,414.736,-58.0075
27,1,119.045,413.42,-57.5761
27,0,64.4512,350.854,-37.0728
27,0,64.1321,350.488,-36.9529
27,0,63.4939,349.756,-36.7131
27,0,63.0472,349.244,-36.5452
27,0,62.7919,348.952,-36.4493
27,0,62.7281,348.878,-36.4253
27,0,62.6005,348.732,-36.3773
27,0,62.5367,348.659,-36.3533
27,0,62.409,348.513,-36.3054
27,0,62.1538,348.22,-36.2094
27,0,61.5794,347.562,-35.9936
27,0,61.4518,347.415,-35.9456
27,0,61.2603,347.196,-35.8737
27,0,61.1327,347.049,-35.8257
27,0,60.8774,346.757,-35.7298
27,0,60.8136,346.684,-35.7058
27,0,60.1754,345.952,-35.466
27,0,59.984,345.733,-35.394
27,0,57.8781,343.318,-34.6025
27,0,59.05,344.662,-35.043
27,1,123.443,418.472,-59.2319
27,1,123.427,418.484,-59.238
27,1,123.422,418.487,-59.2271
27,1,123.414,418.488,-59.2242
27,1,123.413,418.487,-59.2241
28,3,41.8186,620.821,-170.93
28,3,41.9369,620.372,-170.744
28,3,42.0316,620.013,-170.595
28,3,42.4101,618.577,-170
28,3,42.552,618.038,-169.777
28,3,42.623,617.769,-169.665
28,3,42.8123,617.051,-169.367
28,3,42.8359,616.961,-169.33
28,3,42.9069,616.692,-169.218
28,3,43.1198,615.884,-168.883
28,3,43.1908,615.615,-168.772
28,3,43.2618,615.346,-168.66
28,3,43.3327,615.077,-168.548
28,3,43.4037,614.807,-168.437
28,3,43.4274,614.718,-168.399
28,3,43.451,614.628,-168.362
28,3,43.522,614.359,-168.25
28,3,43.5693,614.179,-168.176
28,3,43.6876,613.73,-167.99
28,3,43.6932,613.709,-167.981
28,2,60.3427,550.641,-141.808
28,2,60.3901,550.462,-141.734
28,2,60.4613,550.192,-141.622
28,2,60.5325,549.923,-141.51
28,2,60.6511,549.475,-141.324
28,2,60.6749,549.385,-141.287
28,2,60.8647,548.667,-140.989
28,2,60.9359,548.398,-140.877
28,2,61.0545,547.949,-140.691
28,2,61.1257,547.68,-140.579
28,2,61.1732,547.501,-140.505
28,2,61.2206,547.321,-140.431
28,2,61.3155,546.962,-140.282
28,2,61.363,546.783,-140.207
28,2,61.4342,546.514,-140.095
28,2,61.4579,546.424,-140.058
28,2,61.4816,546.334,-140.021
28,2,61.5765,545.975,-139.872
28,2,61.6714,545.616,-139.723
28,2,61.7426,545.347,-139.611
28,2,61.8613,544.899,-139.425
28,2,61.9325,544.629,-139.314
28,2,61.9562,544.54,-139.276
28,2,61.9799,544.45,-139.239
28,2,62.1697,543.732,-138.941
28,2,62.2409,543.463,-138.83
28,2,60.9254,548.438,-140.894
28,1,94.6609,420.91,-87.9969
28,1,94.8269,420.282,-87.7363
28,1,94.8744,420.103,-87.6618
28,1,94.9692,419.744,-87.5129
28,1,95.159,419.026,-87.215
28,1,95.2064,418.847,-87.1406
28,1,95.2301,418.757,-87.1033
28,1,95.325,418.398,-86.9544
28,1,95.4436,417.949,-86.7683
28,1,95.5385,417.59,-86.6193
28,1,95.6808,417.052,-86.3959
28,1,95.8469,416.424,-86.1353
28,1,95.9417,416.065,-85.9864
28,1,96.1552,415.257,-85.6513
28,1,96.1789,415.168,-85.6141
28,1,96.3213,414.629,-85.3907
28,1,96.345,414.54,-85.3534
28,1,96.3924,414.36,-85.279
28,1,96.4873,414.001,-85.13
28,1,96.5298,413.841,-85.0634
28,0,113.226,350.641,-58.8426
28,0,113.44,349.834,-58.5074
28,0,113.606,349.206,-58.2467
28,0,113.796,348.488,-57.9487
28,0,113.962,347.86,-57.688
28,0,114.009,347.68,-57.6136
28,0,114.057,347.501,-57.5391
28,0,114.08,347.411,-57.5018
28,0,114.175,347.052,-57.3529
28,0,114.341,346.424,-57.0922
28,0,114.365,346.334,-57.0549
28,0,114.484,345.886,-56.8687
28,0,114.507,345.796,-56.8315
28,0,114.602,345.437,-56.6825
28,0,114.673,345.168,-56.5708
28,0,114.697,345.078,-56.5335
28,0,114.768,344.809,-56.4218
28,0,114.982,344.002,-56.0866
28,0,115.124,343.463,-55.8631
28,0,115.148,343.373,-55.8259
28,0,115.171,343.284,-55.7887
28,0,114.987,343.981,-56.0781
29,3,14.8937,620.459,50.9457
29,3,14.5317,620.038,51.3721
29,3,14.3765,619.858,51.5549
29,3,14.3248,619.798,51.6158
29,3,14.2214,619.677,51.7377
29,3,14.0662,619.497,51.9204
29,3,13.8077,619.197,52.2251
29,3,13.7042,619.076,52.3469
29,3,12.9802,618.235,53.1998
29,3,12.3596,617.513,53.9309
29,3,12.3079,617.453,53.9918
29,3,11.9976,617.093,54.3574
29,3,11.6356,616.672,54.7839
29,3,10.7564,615.65,55.8196
29,3,10.7047,615.59,55.8805
29,3,10.5495,615.409,56.0632
29,3,10.1875,614.989,56.4897
29,3,10.1358,614.928,56.5506
29,3,9.67033,614.387,57.0989
29,3,9.36003,614.027,57.4645
29,3,9.15316,613.786,57.7082
29,3,9.04973,613.666,57.83
29,3,8.89458,613.486,58.0128
29,3,8.84287,613.426,58.0737
29,3,8.636,613.185,58.3174
29,3,8.48085,613.005,58.5002
29,3,10.9437,615.868,55.5989
29,2,-45.2857,550.519,121.872
29,2,-45.4924,550.278,122.116
29,2,-45.699,550.038,122.36
29,2,-45.7507,549.978,122.421
29,2,-45.8023,549.918,122.482
29,2,-45.9056,549.797,122.604
29,2,-46.1123,549.557,122.847
29,2,-46.3706,549.256,123.152
29,2,-46.9388,548.595,123.823
29,2,-47.3005,548.174,124.249
29,2,-47.6104,547.813,124.615
29,2,-47.8171,547.572,124.859
29,2,-47.9721,547.392,125.042
29,2,-48.4886,546.791,125.651
29,2,-48.5403,546.73,125.712
29,2,-48.592,546.67,125.773
29,2,-48.7986,546.43,126.017
29,2,-49.1602,546.009,126.444
29,2,-49.4702,545.648,126.809
29,2,-49.5218,545.588,126.87
29,2,-49.6768,545.407,127.053
29,2,-50.0384,544.986,127.48
29,2,-50.1417,544.866,127.602
29,2,-50.1934,544.806,127.663
29,2,-50.2967,544.686,127.785
29,2,-50.5033,544.445,128.028
29,2,-50.555,544.385,128.089
29,2,-50.7616,544.145,128.333
29,2,-51.2782,543.543,128.943
29,2,-51.5365,543.243,129.247
29,2,-51.6915,543.062,129.43
29,2,-49.8858,545.164,127.3
30,3,30.804,620.719,-193.173
30,3,30.3842,619.501,-193.345
30,3,30.3519,619.407,-193.358
30,3,30.1258,618.751,-193.451
30,3,29.9643,618.282,-193.517
30,3,28.9955,615.471,-193.914
30,3,28.8341,615.002,-193.98
30,3,28.7695,614.815,-194.007
30,3,28.5434,614.159,-194.1
30,3,28.5111,614.065,-194.113
30,3,30.6318,620.219,-193.243
30,2,6.8314,550.906,-203.11
30,2,6.57383,550.156,-203.217
30,2,6.0909,548.751,-203.417
30,2,6.02651,548.563,-203.444
30,2,5.99431,548.469,-203.457
30,2,5.83335,548.001,-203.524
30,2,5.80115,547.907,-203.537
30,2,5.44703,546.876,-203.684
30,2,5.18949,546.126,-203.791
30,2,4.77098,544.908,-203.965
30,2,4.61001,544.439,-204.032
30,2,4.44904,543.97,-204.099
30,2,4.35246,543.689,-204.139
30,2,4.28807,543.502,-204.166
30,2,4.19149,543.221,-204.206
30,2,4.9505,545.43,-203.891
30,1,-37.8771,420.813,-221.597
30,1,-37.9094,420.719,-221.61
30,1,-38.2966,419.594,-221.769
30,1,-38.4256,419.219,-221.823
30,1,-38.4901,419.032,-221.849
30,1,-38.5224,418.938,-221.862
30,1,-38.5547,418.845,-221.876
30,1,-38.5869,418.751,-221.889
30,1,-38.8773,417.907,-222.008
30,1,-39.1677,417.064,-222.128
30,1,-39.2968,416.689,-222.181
30,1,-39.4581,416.22,-222.247
30,1,-39.7485,415.377,-222.367
30,1,-39.8775,415.002,-222.42
30,1,-40.0388,414.533,-222.486
30,1,-40.2324,413.971,-222.565
30,1,-40.4259,413.409,-222.645
30,1,-40.4582,413.315,-222.658
30,1,-40.2056,414.049,-222.554
30,0,-62.1445,350.532,-231.518
30,0,-62.2095,350.344,-231.544
30,0,-62.372,349.876,-231.61
30,0,-62.5995,349.22,-231.701
30,0,-62.697,348.94,-231.741
30,0,-63.1519,347.628,-231.924
30,0,-63.5094,346.598,-232.068
30,0,-63.9644,345.287,-232.252
30,0,-63.9969,345.193,-232.265
30,0,-64.2243,344.538,-232.357
30,0,-64.3543,344.163,-232.409
30,0,-64.4843,343.788,-232.462
30,0,-64.5493,343.601,-232.488
30,0,-64.5818,343.507,-232.501
30,0,-64.6309,343.366,-232.521
31,3,-213.8,620.918,70.6265
31,3,-213.74,620.802,70.5725
31,3,-213.612,620.556,70.4579
31,3,-213.441,620.228,70.3052
31,3,-213.313,619.983,70.1906
31,3,-213.227,619.819,70.1142
31,3,-212.843,619.081,69.7705
31,3,-212.715,618.835,69.6559
31,3,-212.629,618.671,69.5795
31,3,-212.33,618.098,69.3122
31,3,-212.16,617.77,69.1594
31,3,-211.903,617.278,68.9302
31,3,-211.647,616.786,68.7011
31,3,-211.604,616.704,68.6629
31,3,-211.562,616.622,68.6247
31,3,-211.391,616.295,68.4719
31,3,-211.177,615.885,68.281
31,3,-211.006,615.557,68.1282
31,3,-210.793,615.147,67.9372
31,3,-209.981,613.59,67.2116
31,3,-213.062,619.502,69.9665
31,2,-177.161,550.59,37.8518
31,2,-177.118,550.508,37.8136
31,2,-177.075,550.426,37.7753
31,2,-176.904,550.098,37.6225
31,2,-176.776,549.853,37.5078
31,2,-176.734,549.771,37.4696
31,2,-176.606,549.525,37.3549
31,2,-176.563,549.443,37.3167
31,2,-176.221,548.787,37.011
31,2,-175.88,548.131,36.7053
31,2,-175.709,547.804,36.5524
31,2,-175.581,547.558,36.4378
31,2,-175.325,547.066,36.2085
31,2,-175.24,546.902,36.132
31,2,-175.154,546.738,36.0556
31,2,-175.112,546.656,36.0174
31,2,-174.984,546.41,35.9027
31,2,-174.941,546.328,35.8645
31,2,-174.898,546.246,35.8263
31,2,-174.77,546,35.7117
31,2,-174.599,545.673,35.5588
31,2,-174.002,544.525,35.0238
31,2,-173.831,544.197,34.8709
31,2,-173.575,543.706,34.6416
31,1,-109.658,420.836,-22.5931
31,1,-109.53,420.59,-22.7077
31,1,-109.359,420.262,-22.8605
31,1,-109.06,419.688,-23.128
31,1,-107.738,417.147,-24.3125
31,1,-107.61,416.901,-24.4271
31,1,-107.14,416,-24.8475
31,1,-107.012,415.754,-24.9621
31,1,-106.628,415.016,-25.306
31,1,-106.202,414.196,-25.6881
31,1,-106.116,414.032,-25.7646
31,1,-105.86,413.54,-25.9938
31,1,-105.732,413.294,-26.1085
31,0,-73.0109,350.426,-55.3975
31,0,-72.9682,350.344,-55.4357
31,0,-72.9256,350.262,-55.4739
31,0,-72.8829,350.18,-55.512
31,0,-72.8402,350.098,-55.5502
31,0,-72.6694,349.77,-55.703
31,0,-72.4132,349.279,-55.9321
31,0,-71.6447,347.803,-56.6195
31,0,-71.3885,347.311,-56.8486
31,0,-70.8335,346.246,-57.345
31,0,-70.4066,345.426,-57.7269
31,0,-70.2358,345.098,-57.8797
31,0,-70.065,344.77,-58.0324
31,0,-69.7662,344.197,-58.2997
31,0,-69.4246,343.541,-58.6052
31,0,-69.2538,343.213,-58.7579
31,0,-69.5124,343.709,-58.5266
31,3,-213.742,620.789,70.5751
31,3,-213.749,620.76,70.5753
31,3,-213.769,620.78,70.5791
31,3,-213.775,620.787,70.5583
31,3,-213.773,620.777,70.5758
31,3,-213.776,620.794,70.5814
31,3,-213.773,620.797,70.5908
31,3,-213.767,620.795,70.5857
31,3,-213.769,620.795,70.5846
32,3,-134.815,620.803,115.256
32,3,-134.678,619.915,115.197
32,3,-134.512,618.83,115.124
32,3,-134.451,618.436,115.098
32,3,-134.391,618.041,115.072
32,3,-134.36,617.844,115.058
32,3,-134.315,617.548,115.039
32,3,-134.254,617.154,115.012
32,3,-134.209,616.858,114.993
32,3,-134.179,616.66,114.979
32,3,-134.133,616.365,114.96
32,3,-134.103,616.167,114.946
32,3,-133.997,615.477,114.9
32,3,-133.937,615.082,114.874
32,3,-133.816,614.293,114.821
32,3,-133.785,614.096,114.808
32,3,-133.77,613.997,114.801
32,3,-133.71,613.603,114.775
32,3,-134.561,619.147,115.146
32,2,-124.113,550.901,110.581
32,2,-124.083,550.704,110.568
32,2,-124.053,550.507,110.555
32,2,-124.023,550.31,110.542
32,2,-123.902,549.52,110.489
32,2,-123.842,549.126,110.462
32,2,-123.676,548.041,110.39
32,2,-123.661,547.942,110.383
32,2,-123.495,546.857,110.31
32,2,-123.45,546.561,110.29
32,2,-123.39,546.167,110.264
32,2,-123.163,544.687,110.165
32,2,-123.043,543.898,110.112
32,2,-122.982,543.504,110.085
32,2,-123.862,549.255,110.471
32,1,-104.242,420.605,101.778
32,1,-104.136,419.915,101.732
32,1,-104.061,419.422,101.698
32,1,-103.82,417.844,101.592
32,1,-103.715,417.153,101.545
32,1,-103.7,417.054,101.539
32,1,-103.685,416.956,101.532
32,1,-103.55,416.068,101.472
32,1,-103.429,415.279,101.419
32,1,-103.414,415.18,101.412
32,1,-103.309,414.49,101.366
32,1,-103.204,413.799,101.319
32,1,-103.189,413.701,101.312
32,1,-103.174,413.602,101.306
32,1,-103.144,413.405,101.293
32,1,-103.473,415.563,101.438
32,0,-93.4326,349.619,96.9888
32,0,-93.3875,349.323,96.9687
32,0,-93.3274,348.929,96.942
32,0,-93.2973,348.731,96.9287
32,0,-93.2522,348.435,96.9086
32,0,-93.1469,347.745,96.8619
32,0,-92.771,345.279,96.695
32,0,-92.6808,344.687,96.6549
32,0,-92.6658,344.589,96.6483
32,0,-92.5755,343.997,96.6082
32,0,-92.6561,344.525,96.644
33,0,224.751,350.192,237.157
33,0,224.382,349.627,236.972
33,0,224.224,349.385,236.892
33,0,223.644,348.496,236.602
33,0,223.486,348.254,236.522
33,0,223.328,348.012,236.443
33,0,223.222,347.85,236.39
33,0,222.853,347.285,236.205
33,0,222.537,346.8,236.047
33,0,222.432,346.639,235.994
33,0,222.01,345.993,235.783
33,0,221.799,345.669,235.677
33,0,221.746,345.589,235.65
33,0,221.483,345.185,235.518
33,0,221.377,345.023,235.465
33,0,221.325,344.943,235.439
33,0,220.956,344.377,235.254
33,0,220.692,343.973,235.122
33,0,220.534,343.731,235.043
33,0,220.376,343.489,234.963
33,0,220.27,343.327,234.91
33,0,223.622,348.463,236.591
34,3,205.558,620.736,-100.914
34,3,205.449,620.605,-101.017
34,3,205.394,620.539,-101.068
34,3,205.284,620.407,-101.171
34,3,205.009,620.077,-101.428
34,3,204.899,619.946,-101.531
34,3,204.79,619.814,-101.634
34,3,204.735,619.748,-101.685
34,3,204.515,619.484,-101.891
34,3,203.966,618.825,-102.404
34,3,203.746,618.561,-102.61
34,3,203.691,618.496,-102.661
34,3,203.581,618.364,-102.764
34,3,203.417,618.166,-102.918
34,3,203.142,617.837,-103.175
34,3,203.032,617.705,-103.278
34,3,202.813,617.441,-103.484
34,3,202.648,617.243,-103.638
34,3,202.483,617.046,-103.792
34,3,202.428,616.98,-103.843
34,3,201.989,616.452,-104.254
34,3,201.879,616.321,-104.357
34,3,201.659,616.057,-104.563
34,3,201.55,615.925,-104.666
34,3,201.11,615.398,-105.077
34,3,200.506,614.673,-105.642
34,3,200.451,614.607,-105.693
34,3,200.122,614.212,-106.002
34,3,199.573,613.553,-106.516
34,3,199.133,613.025,-106.927
34,3,202.133,616.626,-104.119
34,2,147.397,550.934,-155.352
34,2,147.178,550.671,-155.557
34,2,146.573,549.946,-156.123
34,2,146.519,549.88,-156.174
34,2,146.244,549.55,-156.431
34,2,146.079,549.353,-156.585
34,2,145.914,549.155,-156.739
34,2,145.805,549.023,-156.842
34,2,145.75,548.957,-156.894
34,2,144.981,548.035,-157.613
34,2,144.871,547.903,-157.716
34,2,144.761,547.771,-157.819
34,2,144.651,547.639,-157.922
34,2,144.432,547.376,-158.127
34,2,143.828,546.651,-158.693
34,2,143.443,546.19,-159.052
34,2,143.388,546.124,-159.104
34,2,143.224,545.926,-159.258
34,2,143.169,545.86,-159.309
34,2,142.949,545.596,-159.515
34,2,142.674,545.267,-159.772
34,2,142.455,545.003,-159.977
34,2,142.345,544.872,-160.08
34,2,142.125,544.608,-160.286
34,2,142.07,544.542,-160.337
34,2,141.741,544.147,-160.646
34,2,141.631,544.015,-160.748
34,2,141.576,543.949,-160.8
34,2,141.301,543.62,-161.057
34,2,140.972,543.224,-161.365
34,2,140.807,543.026,-161.519
34,2,142.755,545.364,-159.697
35,1,-194.04,420.938,-224.56
35,1,-193.92,420.815,-224.458
35,1,-193.74,420.631,-224.305
35,1,-193.68,420.569,-224.254
35,1,-193.62,420.508,-224.203
35,1,-193.56,420.446,-224.152
35,1,-193.379,420.261,-223.999
35,1,-193.019,419.892,-223.693
35,1,-192.778,419.646,-223.489
35,1,-192.237,419.092,-223.03
35,1,-191.756,418.6,-222.623
35,1,-191.276,418.107,-222.215
35,1,-191.215,418.046,-222.164
35,1,-191.095,417.923,-222.062
35,1,-190.975,417.799,-221.96
35,1,-190.614,417.43,-221.654
35,1,-189.953,416.753,-221.093
35,1,-189.172,415.953,-220.43
35,1,-189.112,415.891,-220.38
35,1,-188.871,415.645,-220.176
35,1,-188.39,415.153,-219.768
35,1,-188.27,415.03,-219.666
35,1,-188.03,414.783,-219.462
35,1,-187.549,414.291,-219.054
35,1,-187.068,413.799,-218.646
35,1,-186.828,413.552,-218.442
35,1,-186.707,413.429,-218.34
35,0,-125.436,350.692,-166.497
35,0,-123.872,349.088,-165.176
35,0,-123.632,348.841,-164.973
35,0,-123.391,348.594,-164.77
35,0,-122.97,348.163,-164.415
35,0,-122.489,347.669,-164.009
35,0,-122.188,347.361,-163.755
35,0,-122.068,347.237,-163.653
35,0,-121.346,346.497,-163.044
35,0,-120.985,346.127,-162.739
35,0,-120.624,345.757,-162.435
35,0,-120.564,345.695,-162.384
35,0,-120.504,345.634,-162.333
35,0,-120.444,345.572,-162.282
35,0,-120.324,345.449,-162.181
35,0,-119.903,345.017,-161.825
35,0,-119.662,344.77,-161.622
35,0,-119.421,344.524,-161.419
35,0,-119.241,344.339,-161.267
35,0,-119.181,344.277,-161.216
35,0,-119,344.092,-161.064
35,0,-118.64,343.722,-160.759
35,0,-118.459,343.537,-160.607
35,0,-118.339,343.413,-160.505
35,0,-118.219,343.29,-160.403
37,2,-120.77,550.727,240.173
37,2,-120.765,550.362,240.008
37,2,-120.764,550.271,239.967
37,2,-120.763,550.18,239.926
37,2,-120.759,549.816,239.761
37,2,-120.752,549.269,239.513
37,2,-120.75,549.087,239.431
37,2,-120.744,548.632,239.225
37,2,-120.731,547.539,238.729
37,2,-120.724,546.901,238.441
37,2,-120.719,546.537,238.276
37,2,-120.714,546.081,238.069
37,2,-120.708,545.626,237.863
37,2,-120.706,545.444,237.781
37,2,-120.702,545.079,237.615
37,2,-120.7,544.988,237.574
37,2,-120.699,544.897,237.533
37,2,-120.697,544.715,237.45
37,2,-120.695,544.533,237.368
37,2,-120.693,544.351,237.285
37,2,-120.692,544.26,237.244
37,2,-120.688,543.986,237.12
37,2,-120.684,543.622,236.955
37,2,-120.677,543.076,236.708
37,1,-119.2,420.909,181.349
37,1,-119.189,419.998,180.936
37,1,-119.182,419.452,180.688
37,1,-119.181,419.361,180.647
37,1,-119.177,418.996,180.482
37,1,-119.176,418.905,180.441
37,1,-119.169,418.359,180.193
37,1,-119.166,418.085,180.069
37,1,-119.164,417.903,179.987
37,1,-119.157,417.357,179.739
37,1,-119.15,416.719,179.45
37,1,-119.144,416.264,179.244
37,1,-119.134,415.444,178.872
37,1,-119.133,415.353,178.831
37,1,-119.132,415.262,178.79
37,1,-119.131,415.171,178.749
37,1,-119.127,414.807,178.584
37,1,-119.114,413.714,178.088
37,1,-119.108,413.258,177.882
37,1,-119.107,413.167,177.841
37,0,-118.357,350.818,149.586
37,0,-118.351,350.362,149.38
37,0,-118.34,349.452,148.968
37,0,-118.338,349.269,148.885
37,0,-118.335,348.996,148.761
37,0,-118.33,348.632,148.596
37,0,-118.325,348.176,148.39
37,0,-118.324,348.085,148.349
37,0,-118.316,347.448,148.06
37,0,-118.315,347.356,148.019
37,0,-118.312,347.174,147.936
37,0,-118.296,345.808,147.317
37,0,-118.289,345.261,147.07
37,0,-118.288,345.17,147.029
37,0,-118.275,344.077,146.534
37,0,-118.267,343.44,146.245
39,2,245.184,550.755,60.3538
39,2,244.926,550.184,60.0424
39,2,244.705,549.694,59.7754
39,2,244.668,549.612,59.731
39,2,244.631,549.531,59.6865
39,2,244.521,549.286,59.553
39,2,244.263,548.714,59.2417
39,2,243.932,547.979,58.8415
39,2,242.716,545.285,57.3741
39,2,242.531,544.877,57.1517
39,2,242.458,544.714,57.0627
39,2,241.905,543.489,56.3957
39,1,186.738,420.918,-9.94331
39,1,186.702,420.836,-9.98795
39,1,186.451,420.262,-10.3005
39,1,186.415,420.18,-10.3451
39,1,186.308,419.934,-10.479
39,1,186.236,419.77,-10.5683
39,1,186.057,419.36,-10.7915
39,1,185.95,419.114,-10.9254
39,1,185.735,418.622,-11.1932
39,1,185.376,417.802,-11.6397
39,1,184.695,416.245,-12.4881
39,1,184.588,415.999,-12.6221
39,1,184.05,414.769,-13.2919
39,1,183.549,413.621,-13.917
39,1,183.535,413.589,-13.9344
39,0,156.832,350.672,-48.4224
39,0,156.728,350.426,-48.5581
39,0,156.553,350.015,-48.7844
39,0,156.379,349.605,-49.0107
39,0,156.204,349.195,-49.237
39,0,156.169,349.113,-49.2822
39,0,155.61,347.8,-50.0065
39,0,155.366,347.226,-50.3234
39,0,154.878,346.077,-50.957
39,0,154.668,345.584,-51.2285
39,0,154.494,345.174,-51.4548
39,0,154.319,344.764,-51.6811
39,0,155.534,347.618,-50.1066
42,3,-246.501,620.794,-111.926
42,3,-246.54,620.725,-111.988
42,3,-246.852,620.176,-112.479
42,3,-247.397,619.215,-113.338
42,3,-247.553,618.94,-113.583
42,3,-247.67,618.734,-113.767
42,3,-247.865,618.39,-114.074
42,3,-248.255,617.704,-114.688
42,3,-248.333,617.566,-114.81
42,3,-248.683,616.948,-115.363
42,3,-249.073,616.262,-115.976
42,3,-249.112,616.193,-116.038
42,3,-249.268,615.918,-116.283
42,3,-249.307,615.85,-116.345
42,3,-249.697,615.163,-116.958
42,3,-249.775,615.025,-117.081
42,3,-249.891,614.819,-117.265
42,3,-246.872,620.14,-112.511
43,3,137.669,613.023,-249.919
43,3,137.668,613.021,-249.916
43,2,115.457,550.502,-158.454
43,2,115.359,550.225,-158.049
43,2,115.32,550.114,-157.887
43,2,115.162,549.672,-157.24
43,2,115.084,549.45,-156.916
43,2,115.064,549.395,-156.835
43,2,114.986,549.173,-156.511
43,2,114.927,549.007,-156.268
43,2,114.848,548.786,-155.945
43,2,114.73,548.454,-155.459
43,2,114.691,548.343,-155.297
43,2,114.652,548.233,-155.135
43,2,114.475,547.734,-154.407
43,2,114.239,547.07,-153.436
43,2,114.062,546.572,-152.707
43,2,113.924,546.185,-152.141
43,2,113.806,545.852,-151.655
43,2,113.315,544.469,-149.632
43,2,113.02,543.638,-148.418
43,2,112.844,543.14,-147.69
43,1,69.4711,420.779,31.259
43,1,69.4319,420.668,31.421
43,1,69.3143,420.336,31.9067
43,1,69.2947,420.281,31.9876
43,1,69.2555,420.17,32.1495
43,1,69.1379,419.838,32.6352
43,1,68.8636,419.063,33.7686
43,1,68.8244,418.952,33.9305
43,1,68.6285,418.399,34.74
43,1,68.5305,418.122,35.1447
43,1,68.4325,417.845,35.5495
43,1,68.3933,417.735,35.7114
43,1,68.2953,417.458,36.1162
43,1,68.2561,417.347,36.2781
43,1,68.1582,417.071,36.6828
43,1,68.119,416.96,36.8447
43,1,68.0014,416.628,37.3304
43,1,67.9622,416.517,37.4923
43,1,67.8838,416.296,37.8162
43,1,67.8446,416.185,37.9781
43,1,67.8251,416.13,38.059
43,1,67.7663,415.964,38.3019
43,1,67.6487,415.632,38.7876
43,1,67.6095,415.521,38.9495
43,1,67.4724,415.134,39.5161
43,1,67.4136,414.968,39.759
43,1,67.2568,414.525,40.4066
43,1,67.2176,414.414,40.5685
43,1,67.198,414.359,40.6494
43,1,67.0609,413.971,41.2161
43,1,66.8453,413.363,42.1066
43,0,44.7189,350.834,133.648
43,0,44.6797,350.724,133.81
43,0,44.6601,350.668,133.891
43,0,44.386,349.895,135.025
43,0,44.3272,349.729,135.268
43,0,44.3076,349.673,135.349
43,0,44.1901,349.342,135.835
43,0,44.1314,349.176,136.078
43,0,44.0922,349.066,136.24
43,0,43.9519,348.669,136.82
43,0,43.8932,348.504,137.063
43,0,43.7365,348.061,137.711
43,0,43.6974,347.951,137.873
43,0,43.5799,347.619,138.359
43,0,43.482,347.343,138.764
43,0,43.4624,347.288,138.845
43,0,43.3841,347.067,139.169
43,0,43.2862,346.79,139.575
43,0,43.2275,346.624,139.818
43,0,43.1687,346.459,140.061
43,0,43.1491,346.403,140.142
43,0,43.1296,346.348,140.223
43,0,42.8946,345.685,141.195
43,0,42.7771,345.353,141.681
43,0,42.5226,344.635,142.734
43,0,42.4639,344.469,142.977
43,0,42.3855,344.248,143.301
43,0,42.3268,344.082,143.544
43,0,42.2876,343.971,143.706
43,0,42.2093,343.75,144.03
43,0,42.1506,343.585,144.273
43,0,42.0135,343.198,144.84
43,0,41.9744,343.087,145.002
43,0,41.9548,343.032,145.083
43,0,43.9499,348.669,136.82
43,0,43.9463,348.667,136.819
43,0,43.8644,348.638,136.79
43,0,43.8231,348.626,136.77
43,0,43.7822,348.615,136.743
43,0,43.6856,348.618,136.668
43,0,43.6486,348.625,136.631
43,0,43.6294,348.631,136.601
43,0,43.5963,348.638,136.539
43,0,43.5651,348.639,136.486
43,0,43.5435,348.64,136.454
43,0,43.5355,348.643,136.443
43,0,43.5225,348.643,136.423
43,0,43.4891,348.641,136.382
43,0,43.4334,348.616,136.297
43,0,43.4307,348.615,136.289
43,0,43.4134,348.61,136.222
43,0,43.3887,348.618,136.193
43,0,43.3162,348.625,136.125
43,0,43.2479,348.634,136.053
43,0,43.1906,348.604,135.978
43,0,43.1488,348.554,135.903
43,0,43.1253,348.533,135.815
43,0,43.1226,348.55,135.744
43,0,43.1557,348.573,135.662
43,0,43.1817,348.573,135.565
43,0,43.2066,348.571,135.477
43,0,43.2508,348.619,135.414
43,0,43.3287,348.635,135.457
43,0,43.4064,348.642,135.497
43,0,43.4848,348.636,135.534
43,0,43.5632,348.601,135.535
43,0,43.6006,348.556,135.474
43,0,43.5592,348.482,135.475
43,0,43.4897,348.445,135.505
43,0,43.4136,348.443,135.533
43,0,43.3438,348.406,135.54
43,0,43.302,348.429,135.601
43,0,43.2532,348.415,135.654
43,0,43.2342,348.44,135.709
43,0,43.2345,348.458,135.755
43,0,43.2376,348.488,135.763
43,0,43.2354,348.461,135.778
43,0,43.2304,348.482,135.766
43,0,43.2247,348.499,135.773
43,0,43.2236,348.509,135.78
43,0,43.227,348.513,135.777
43,0,43.2275,348.515,135.777
43,0,43.1208,348.556,135.746
43,0,43.1122,348.566,135.749
43,0,43.1056,348.575,135.749
43,0,43.1025,348.571,135.744
43,0,43.104,348.573,135.739
43,0,43.1026,348.571,135.743
45,0,-94.1537,350.49,-235.477
45,0,-94.011,350.362,-235.419
45,0,-93.5826,349.979,-235.246
45,0,-93.3655,349.785,-235.158
45,0,-93.0086,349.467,-235.014
45,0,-92.8658,349.339,-234.956
45,0,-92.2233,348.765,-234.696
45,0,-92.0805,348.637,-234.638
45,0,-91.6522,348.255,-234.465
45,0,-90.0102,346.788,-233.8
45,0,-89.6533,346.469,-233.656
45,0,-89.2963,346.15,-233.511
45,0,-88.7966,345.703,-233.309
45,0,-88.7252,345.639,-233.28
45,0,-88.2969,345.257,-233.106
45,0,-88.0827,345.065,-233.02
45,0,-87.7971,344.81,-232.904
45,0,-85.7981,343.024,-232.095
45,0,-91.9646,348.534,-234.591
45,0,-93.3724,349.775,-235.164
45,0,-93.369,349.765,-235.198
45,0,-93.3947,349.781,-235.202
45,0,-93.3956,349.767,-235.185
45,0,-93.3957,349.754,-235.169
45,0,-93.4049,349.751,-235.172
45,0,-93.4038,349.751,-235.172
47,1,-56.3804,419.392,237.485
47,1,-56.3661,419.203,237.422
47,1,-56.359,419.108,237.39
47,1,-56.3519,419.013,237.359
47,1,-56.3448,418.919,237.327
47,1,-56.3377,418.824,237.296
47,1,-56.2808,418.068,237.042
47,1,-56.2737,417.973,237.011
47,1,-56.1813,416.743,236.6
47,1,-56.1528,416.365,236.473
47,1,-56.1315,416.081,236.378
47,1,-56.1173,415.892,236.315
47,1,-56.1102,415.797,236.283
47,1,-56.0675,415.23,236.093
47,1,-56.0604,415.135,236.062
47,1,-56.0462,414.946,235.998
47,1,-56.0035,414.378,235.809
47,1,-55.9182,413.243,235.429
47,0,-51.2388,350.811,214.567
47,0,-51.196,350.243,214.377
47,0,-51.1888,350.149,214.346
47,0,-51.1388,349.487,214.124
47,0,-51.1102,349.108,213.998
47,0,-51.0745,348.635,213.839
47,0,-51.053,348.351,213.745
47,0,-51.0459,348.257,213.713
47,0,-51.0387,348.162,213.681
47,0,-50.9887,347.5,213.46
47,0,-50.9244,346.649,213.175
47,0,-50.8744,345.987,212.954
47,0,-50.8672,345.892,212.922
47,0,-50.7958,344.946,212.605
47,0,-50.6814,343.433,212.099
47,0,-50.8895,346.186,213.02
47,0,-53.7258,350.617,215.284
47,0,-53.8404,350.454,215.265
47,0,-54.4319,349.615,215.164
47,0,-54.6601,349.288,215.127
47,0,-54.6804,349.259,215.124
47,0,-54.849,349.013,215.093
47,0,-54.9052,348.931,215.083
47,0,-54.9371,348.885,215.077
47,0,-54.9942,348.803,215.065
47,0,-55.1082,348.64,215.043
47,0,-56.1347,347.176,214.84
47,0,-56.876,346.118,214.694
47,0,-56.933,346.036,214.683
47,0,-57.4462,345.304,214.582
47,0,-58.0735,344.409,214.458
47,0,-58.212,344.211,214.431
47,0,-58.4395,343.885,214.386
47,0,-58.5532,343.722,214.364
47,0,-58.6669,343.559,214.341
47,0,-58.7238,343.478,214.33
47,0,-58.8375,343.315,214.308
47,0,-58.9294,343.183,214.29
47,0,-58.9865,343.102,214.278
47,0,-54.8265,347.227,214.428
51,3,-127.049,620.523,128.181
51,3,-127.187,620.046,128.241
51,3,-127.657,618.425,128.442
51,3,-127.684,618.329,128.454
51,3,-127.96,617.376,128.573
51,3,-128.071,616.994,128.62
51,3,-128.098,616.899,128.632
51,3,-128.209,616.517,128.679
51,3,-128.237,616.422,128.691
51,3,-128.982,613.847,129.012
51,2,-147.218,550.236,136.749
51,2,-147.272,550.044,136.771
51,2,-148.008,547.464,137.074
51,2,-148.062,547.273,137.097
51,2,-148.09,547.178,137.108
51,2,-148.199,546.795,137.153
51,2,-148.771,544.789,137.389
51,2,-148.853,544.502,137.422
51,2,-148.88,544.406,137.434
51,2,-149.07,543.737,137.512
51,2,-149.098,543.642,137.524
51,1,-184.531,420.905,153.108
51,1,-184.585,420.714,153.134
51,1,-185.071,418.996,153.367
51,1,-185.098,418.901,153.38
51,1,-185.125,418.805,153.393
51,1,-185.152,418.71,153.405
51,1,-185.179,418.615,153.418
51,1,-185.206,418.519,153.431
51,1,-185.287,418.233,153.47
51,1,-185.314,418.137,153.483
51,1,-185.422,417.756,153.535
51,1,-185.584,417.183,153.612
51,1,-185.611,417.088,153.625
51,1,-185.692,416.802,153.664
51,1,-185.88,416.134,153.754
51,1,-185.907,416.038,153.767
51,1,-185.988,415.752,153.806
51,1,-186.096,415.37,153.858
51,1,-186.231,414.893,153.922
51,1,-186.42,414.225,154.013
51,1,-186.582,413.653,154.09
51,1,-186.139,415.221,153.878
51,0,-204.504,350.905,162.907
51,0,-204.956,349.386,163.13
51,0,-204.985,349.292,163.144
51,0,-205.041,349.102,163.172
51,0,-205.352,348.058,163.325
51,0,-205.493,347.583,163.395
51,0,-205.549,347.393,163.423
51,0,-205.606,347.203,163.451
51,0,-205.662,347.014,163.479
51,0,-205.803,346.539,163.548
51,0,-206.312,344.831,163.799
51,0,-206.51,344.166,163.897
51,0,-206.651,343.692,163.967
51,0,-206.707,343.502,163.995
51,0,-206.736,343.407,164.009
51,0,-204.89,349.61,163.098
52,3,156.641,620.132,108.877
52,3,156.737,619.958,108.851
52,3,156.785,619.871,108.838
52,3,157.121,619.264,108.749
52,3,157.361,618.83,108.686
52,3,157.745,618.135,108.584
52,3,157.936,617.788,108.533
52,3,158.128,617.441,108.482
52,3,158.224,617.267,108.456
52,3,158.8,616.225,108.304
52,3,159.423,615.096,108.138
52,3,159.663,614.662,108.074
52,3,159.759,614.489,108.049
52,3,159.855,614.315,108.023
52,3,159.951,614.142,107.998
52,3,160.573,613.016,107.833
52,2,195.399,550.045,98.636
52,2,195.495,549.872,98.6106
52,2,195.639,549.611,98.5726
52,2,195.687,549.524,98.5599
52,2,195.783,549.351,98.5346
52,2,195.879,549.177,98.5092
52,2,195.927,549.09,98.4965
52,2,195.975,549.004,98.4839
52,2,196.023,548.917,98.4712
52,2,196.167,548.656,98.4332
52,2,196.695,547.702,98.2938
52,2,196.791,547.528,98.2684
52,2,196.84,547.441,98.2557
52,2,197.224,546.747,98.1543
52,2,197.272,546.66,98.1417
52,2,197.32,546.573,98.129
52,2,197.368,546.486,98.1163
52,2,197.512,546.226,98.0783
52,2,197.752,545.792,98.0149
52,2,198.232,544.924,97.8882
52,2,198.28,544.837,97.8755
52,2,198.472,544.49,97.8248
52,2,198.616,544.23,97.7867
52,2,198.76,543.969,97.7487
52,2,199.048,543.448,97.6727
52,2,199.192,543.188,97.6346
52,2,197.141,546.896,98.176
55,3,-171.719,620.746,86.1283
55,3,-171.464,620.491,85.9543
55,3,-171.336,620.364,85.8673
55,3,-171.273,620.301,85.8238
55,3,-171.145,620.173,85.7368
55,3,-170.699,619.728,85.4324
55,3,-170.38,619.411,85.2149
55,3,-169.87,618.902,84.8669
55,3,-169.424,618.457,84.5625
55,3,-169.296,618.33,84.4755
55,3,-169.168,618.203,84.3885
55,3,-169.105,618.139,84.345
55,3,-168.85,617.885,84.171
55,3,-168.467,617.503,83.91
55,3,-167.383,616.422,83.1706
55,3,-167.128,616.168,82.9966
55,3,-166.937,615.977,82.8661
55,3,-166.809,615.85,82.7791
55,3,-165.98,615.024,82.2137
55,3,-164.833,613.879,81.4308
55,2,-101.6,550.937,38.3241
55,2,-101.472,550.81,38.237
55,2,-101.344,550.683,38.1499
55,2,-101.281,550.619,38.1064
55,2,-101.217,550.556,38.0629
55,2,-101.025,550.365,37.9323
55,2,-100.706,550.048,37.7147
55,2,-100.451,549.794,37.5406
55,2,-100.132,549.476,37.3229
55,2,-99.8761,549.222,37.1488
55,2,-99.6208,548.969,36.9747
55,2,-99.4293,548.778,36.8441
55,2,-99.1101,548.461,36.6265
55,2,-98.8547,548.207,36.4524
55,2,-98.5994,547.953,36.2783
55,2,-97.961,547.318,35.843
55,2,-97.7056,547.064,35.6689
55,2,-97.6418,547.001,35.6253
55,2,-97.5141,546.874,35.5383
55,2,-96.9396,546.302,35.1465
55,2,-95.5989,544.969,34.2324
55,2,-95.2797,544.652,34.0148
55,2,-94.8329,544.207,33.7101
55,2,-94.386,543.763,33.4054
55,2,-94.2583,543.636,33.3183
55,2,-97.6506,547.009,35.6313
55,1,29.1773,420.873,-50.9023
55,1,29.4964,420.556,-51.12
55,1,29.6878,420.365,-51.2506
55,1,29.8155,420.238,-51.3377
55,1,30.0707,419.984,-51.5119
55,1,30.1984,419.857,-51.5989
55,1,30.326,419.73,-51.686
55,1,30.6451,419.413,-51.9037
55,1,30.7089,419.349,-51.9472
55,1,31.3471,418.714,-52.3826
55,1,31.8577,418.206,-52.7309
55,1,32.3682,417.698,-53.0792
55,1,32.6873,417.381,-53.2969
55,1,33.7722,416.301,-54.037
55,1,33.8998,416.174,-54.1241
55,1,34.0913,415.984,-54.2547
55,1,34.1551,415.92,-54.2983
55,1,34.2827,415.793,-54.3853
55,1,34.3466,415.73,-54.4289
55,1,34.9144,415.165,-54.8162
55,1,35.2335,414.847,-55.0339
55,1,35.3611,414.72,-55.121
55,1,35.744,414.339,-55.3823
55,1,35.8078,414.276,-55.4258
55,1,35.8716,414.212,-55.4693
55,1,36.1907,413.895,-55.687
55,1,36.7651,413.324,-56.0789
55,1,33.0466,417.023,-53.5421
55,0,99.5843,350.873,-98.8149
55,0,100.031,350.428,-99.1187
55,0,100.351,350.11,-99.3358
55,0,100.415,350.047,-99.3792
55,0,101.564,348.903,-100.161
55,0,102.139,348.331,-100.551
55,0,102.267,348.204,-100.638
55,0,102.394,348.077,-100.725
55,0,103.799,346.679,-101.68
55,0,104.374,346.108,-102.071
55,0,104.502,345.981,-102.157
55,0,104.821,345.663,-102.374
55,0,105.013,345.472,-102.505
55,0,105.46,345.028,-102.808
55,0,105.843,344.646,-103.069
55,0,106.098,344.392,-103.243
55,0,106.162,344.329,-103.286
55,0,107.184,343.312,-103.981
55,0,107.44,343.058,-104.154
55,0,101.394,349.072,-100.045
55,1,34.9013,415.144,-54.8013
55,1,34.8993,415.125,-54.8027
55,1,34.9015,415.12,-54.8207
55,1,34.9011,415.126,-54.8168
55,1,34.905,415.127,-54.8173
58,3,35.7661,619.776,186.689
58,3,36.575,618.633,186.707
58,3,37.4417,617.409,186.726
58,3,37.5572,617.246,186.729
58,3,37.615,617.164,186.73
58,3,38.0195,616.593,186.739
58,3,38.5396,615.859,186.751
58,3,38.7707,615.532,186.756
58,3,39.0019,615.206,186.761
58,3,39.0597,615.124,186.763
58,3,39.3486,614.716,186.769
58,3,39.6375,614.308,186.776
58,3,40.2154,613.492,186.789
58,3,37.6998,617.045,186.732
58,2,84.8268,550.511,187.832
58,2,85.0003,550.266,187.836
58,2,85.2317,549.94,187.841
58,2,85.8681,549.043,187.856
58,2,86.1573,548.635,187.863
58,2,86.273,548.472,187.865
58,2,86.5622,548.064,187.872
58,2,86.7936,547.738,187.877
58,2,86.8515,547.656,187.879
58,2,87.777,546.351,187.9
58,2,87.8349,546.27,187.901
58,2,87.8927,546.188,187.903
58,2,88.0084,546.025,187.905
58,2,88.1819,545.78,187.909
58,2,88.2976,545.617,187.912
58,2,88.3555,545.536,187.913
58,2,88.529,545.291,187.917
58,2,88.5869,545.209,187.919
58,2,89.0497,544.557,187.929
58,2,89.1653,544.394,187.932
58,2,89.4546,543.986,187.939
58,2,89.7438,543.578,187.945
58,2,90.0909,543.089,187.953
58,2,87.837,546.267,187.901
58,1,176.77,420.918,190.011
58,1,176.943,420.674,190.016
58,1,177.463,419.939,190.029
58,1,177.925,419.286,190.04
58,1,178.214,418.878,190.048
58,1,178.792,418.062,190.062
58,1,178.965,417.817,190.067
58,1,179.485,417.082,190.08
58,1,179.716,416.756,190.086
58,1,180.236,416.021,190.099
58,1,180.525,415.613,190.106
58,1,180.813,415.205,190.113
58,1,180.987,414.96,190.118
58,1,181.16,414.715,190.122
58,1,181.738,413.899,190.137
58,1,181.853,413.736,190.14
58,1,182.026,413.491,190.144
58,1,182.084,413.41,190.146
58,1,182.2,413.246,190.148
58,1,182.257,413.165,190.15
58,1,179.99,416.368,190.093
58,0,226.336,350.837,191.135
58,0,226.625,350.429,191.142
58,0,227.203,349.612,191.155
58,0,227.26,349.531,191.156
58,0,227.318,349.449,191.157
58,0,227.607,349.041,191.164
58,0,227.665,348.96,191.165
58,0,227.722,348.878,191.166
58,0,227.78,348.796,191.168
58,0,228.3,348.062,191.179
58,0,228.358,347.98,191.18
58,0,228.473,347.817,191.183
58,0,229.109,346.919,191.197
58,0,229.455,346.429,191.205
58,0,229.629,346.184,191.209
58,0,229.917,345.776,191.215
58,0,229.975,345.695,191.217
58,0,230.206,345.368,191.222
58,0,230.437,345.042,191.227
58,0,230.553,344.879,191.23
58,0,230.842,344.47,191.236
58,0,230.957,344.307,191.239
58,0,231.015,344.226,191.24
58,0,231.131,344.062,191.243
58,0,231.362,343.736,191.248
58,0,231.593,343.409,191.253
58,0,231.049,344.177,191.241
59,2,249.027,550.326,209.049
59,2,249.481,549.428,208.396
59,2,249.633,549.129,208.178
59,2,249.784,548.83,207.96
62,0,-248.105,350.412,53.0676
62,0,-248.003,350.295,52.9424
62,0,-247.541,349.766,52.3792
62,0,-247.285,349.472,52.0663
62,0,-246.67,348.766,51.3154
62,0,-246.26,348.296,50.8147
62,0,-246.106,348.12,50.627
62,0,-245.593,347.532,50.0012
62,0,-245.542,347.473,49.9386
62,0,-244.875,346.709,49.1251
62,0,-244.773,346.591,49
62,0,-244.67,346.474,48.8748
62,0,-244.311,346.062,48.4368
62,0,-244.26,346.003,48.3742
62,0,-244.158,345.886,48.2491
62,0,-244.004,345.709,48.0613
62,0,-243.952,345.651,47.9988
62,0,-242.414,343.887,46.1214
62,0,-242.209,343.652,45.8711
62,0,-242.107,343.535,45.7459
62,0,-242.055,343.476,45.6834
62,0,-241.797,343.179,45.3674
64,3,201.326,620.625,201.008
64,3,201.432,619.594,201.377
64,3,201.452,619.407,201.444
64,3,201.49,619.032,201.578
64,3,201.538,618.563,201.745
64,3,201.645,617.532,202.114
64,3,201.703,616.97,202.315
64,3,201.838,615.658,202.785
64,3,201.847,615.564,202.818
64,3,202.089,613.221,203.656
64,3,202.108,613.034,203.723
64,3,201.729,616.713,202.407
64,2,208.543,550.906,226.007
64,2,208.553,550.813,226.041
64,2,208.591,550.438,226.175
64,2,208.61,550.251,226.243
64,2,208.725,549.126,226.646
64,2,208.792,548.47,226.882
64,2,208.84,548.002,227.05
64,2,208.916,547.253,227.319
64,2,208.954,546.878,227.453
64,2,209.079,545.66,227.891
64,2,209.098,545.472,227.958
64,2,209.136,545.098,228.092
64,2,209.155,544.91,228.16
64,2,209.193,544.536,228.294
64,2,209.251,543.973,228.496
64,2,209.337,543.13,228.799
64,2,209.346,543.037,228.832
64,2,209.003,546.403,227.624
65,3,143.005,620.134,1.10482
65,3,143.254,619.614,1.27315
65,3,143.295,619.528,1.3012
65,3,143.336,619.441,1.32926
65,3,143.585,618.922,1.49759
65,3,143.668,618.748,1.55369
65,3,144.206,617.623,1.9184
65,3,144.371,617.276,2.03062
65,3,144.537,616.93,2.14284
65,3,144.62,616.757,2.19895
65,3,144.827,616.324,2.33923
65,3,145.116,615.717,2.53562
65,3,145.158,615.631,2.56367
65,3,145.447,615.025,2.76006
65,3,145.574,614.76,2.84591
65,3,145.698,614.5,2.93007
65,3,145.864,614.153,3.0423
65,3,145.988,613.894,3.12647
65,3,146.278,613.287,3.32286
65,3,146.041,613.782,3.16273
65,2,176.403,550.307,23.7249
65,2,176.569,549.961,23.8372
65,2,176.831,549.413,24.0149
65,2,176.997,549.066,24.1272
65,2,177.328,548.373,24.3517
65,2,177.369,548.287,24.3798
65,2,177.452,548.114,24.4359
65,2,177.7,547.594,24.6043
65,2,177.742,547.508,24.6324
65,2,178.404,546.122,25.0814
65,2,178.528,545.862,25.1656
65,2,178.57,545.776,25.1936
65,2,178.611,545.689,25.2217
65,2,178.735,545.429,25.3059
65,2,178.901,545.083,25.4181
65,2,179.025,544.823,25.5023
65,2,179.191,544.477,25.6146
65,2,179.274,544.304,25.6707
65,2,179.439,543.957,25.783
65,2,179.522,543.784,25.8391
65,2,179.688,543.438,25.9514
65,2,179.77,543.264,26.0075
65,2,179.527,543.773,25.8427
65,1,238.351,420.913,65.6663
65,1,238.434,420.74,65.7224
65,1,238.558,420.481,65.8066
65,1,238.931,419.701,66.0592
65,1,239.055,419.442,66.1434
65,1,239.552,418.403,66.4801
65,1,239.718,418.056,66.5924
65,1,240.34,416.758,67.0134
65,1,240.381,416.671,67.0414
65,1,240.506,416.412,67.1256
65,1,240.588,416.238,67.1817
65,1,240.879,415.632,67.3782
65,1,240.92,415.546,67.4063
65,1,241.086,415.199,67.5185
65,1,241.749,413.814,67.9676
65,1,241.602,414.122,67.8679
65,2,176.865,549.439,24.0486
65,2,176.93,549.484,24.0626
65,2,176.891,549.552,24.0488
65,2,176.878,549.604,24.0038
65,2,176.846,549.626,23.9831
65,2,176.817,549.641,23.9892
65,2,176.818,549.663,24.0104
65,2,176.83,549.645,24.0207
65,2,176.828,549.663,24.0238
65,2,176.833,549.659,24.0134
65,2,176.834,549.653,24.0081
65,2,176.835,549.654,24.0103
65,2,176.835,549.652,24.0114
65,2,176.818,549.451,24.0143
65,2,176.827,549.462,24.0388
65,2,176.826,549.456,24.0573
65,2,176.835,549.462,24.0496
65,2,176.834,549.456,24.0553
65,2,176.839,549.453,24.0557
65,2,176.839,549.454,24.0585
65,3,145.592,614.76,2.83347
65,3,145.598,614.772,2.82845
65,3,145.607,614.772,2.82806
65,3,145.607,614.776,2.83295
65,3,145.603,614.775,2.83395
66,0,-236.453,349.953,208.822
66,0,-236.157,349.001,208.741
66,0,-236.098,348.811,208.725
66,0,-235.861,348.049,208.661
66,0,-235.802,347.859,208.645
66,0,-235.388,346.526,208.532
66,0,-235.329,346.336,208.515
66,0,-235.092,345.574,208.451
66,0,-235.063,345.479,208.443
66,0,-235.004,345.289,208.427
66,0,-234.945,345.098,208.41
66,0,-234.856,344.813,208.386
66,0,-234.738,344.432,208.354
66,0,-234.708,344.337,208.346
66,0,-234.324,343.099,208.241
66,0,-234.303,343.032,208.235
68,3,-121.728,620.75,-96.3666
68,3,-121.687,620.666,-96.4041
68,3,-121.041,619.331,-97.0045
68,3,-120.638,618.497,-97.3798
68,3,-120.598,618.413,-97.4174
68,3,-120.315,617.829,-97.6801
68,3,-119.467,616.077,-98.4682
68,3,-119.346,615.827,-98.5807
68,3,-119.266,615.66,-98.6558
68,3,-119.225,615.576,-98.6933
68,3,-119.104,615.326,-98.8059
68,3,-118.822,614.742,-99.0686
68,3,-118.741,614.575,-99.1437
68,3,-118.458,613.991,-99.4064
68,3,-118.135,613.323,-99.7066
68,2,-87.7426,550.5,-127.978
68,2,-87.5809,550.166,-128.129
68,2,-87.1361,549.249,-128.542
68,2,-86.8127,548.582,-128.843
68,2,-86.6914,548.332,-128.956
68,2,-86.4083,547.748,-129.219
68,2,-86.3679,547.665,-129.257
68,2,-86.0444,546.998,-129.557
68,2,-85.9636,546.831,-129.632
68,2,-85.3571,545.58,-130.196
68,2,-85.3166,545.497,-130.234
68,2,-84.8314,544.497,-130.685
68,2,-84.6292,544.08,-130.873
68,2,-84.5888,543.996,-130.911
68,2,-84.5483,543.913,-130.948
68,2,-84.3462,543.496,-131.136
68,2,-84.2249,543.246,-131.249
68,2,-84.144,543.079,-131.324
68,1,-24.6375,420.833,-186.57
68,1,-24.5157,420.583,-186.683
68,1,-24.2723,420.083,-186.907
68,1,-23.9477,419.416,-187.207
68,1,-23.2173,417.915,-187.881
68,1,-23.1767,417.832,-187.919
68,1,-23.0549,417.582,-188.031
68,1,-22.9332,417.332,-188.143
68,1,-22.6491,416.748,-188.406
68,1,-22.4868,416.415,-188.555
68,1,-22.2839,415.998,-188.743
68,1,-22.2433,415.914,-188.78
68,1,-22.1622,415.748,-188.855
68,1,-22.0404,415.498,-188.967
68,1,-21.9998,415.414,-189.005
68,1,-21.9593,415.331,-189.042
68,1,-21.9187,415.247,-189.08
68,1,-21.1476,413.664,-189.791
68,1,-21.107,413.58,-189.829
68,1,-20.9853,413.33,-189.941
68,0,10.2563,349.585,-218.68
68,0,10.338,349.418,-218.755
68,0,10.4196,349.251,-218.83
68,0,10.7154,348.648,-219.101
68,0,10.7562,348.565,-219.139
68,0,10.797,348.482,-219.176
68,0,11.1645,347.732,-219.513
68,0,11.4911,347.066,-219.812
68,0,11.9403,346.151,-220.224
68,0,12.6752,344.652,-220.898
68,0,12.8385,344.319,-221.047
68,0,12.9201,344.152,-221.122
68,0,13.0426,343.902,-221.234
68,0,13.2468,343.486,-221.421
68,0,13.2876,343.403,-221.459
68,0,13.4101,343.153,-221.571
68,0,10.6925,348.631,-219.089
68,0,10.6472,348.595,-219.064
68,0,10.626,348.565,-219.026
68,0,10.6071,348.53,-219.021
68,0,10.5704,348.524,-219.017
68,0,10.5599,348.518,-219.039
68,0,10.5666,348.514,-219.017
68,0,10.5697,348.522,-219.012
70,0,249.963,345.084,88.242
70,0,249.817,344.712,88.2247
70,0,249.78,344.619,88.2204
70,0,249.524,343.969,88.1902
70,0,249.488,343.876,88.1859
70,0,249.451,343.783,88.1816
70,0,249.573,344.092,88.1959
74,1,-171.544,420.921,-1.03327
74,1,-171.243,420.528,-0.967973
74,1,-171.182,420.449,-0.954914
74,1,-171.001,420.213,-0.915734
74,1,-170.881,420.056,-0.889614
74,1,-170.7,419.819,-0.850434
74,1,-170.278,419.269,-0.759014
74,1,-169.856,418.718,-0.667595
74,1,-169.735,418.56,-0.641475
74,1,-169.494,418.245,-0.589235
74,1,-169.434,418.167,-0.576175
74,1,-169.313,418.009,-0.550054
74,1,-169.193,417.852,-0.523936
74,1,-169.072,417.694,-0.497818
74,1,-168.952,417.537,-0.471699
74,1,-168.529,416.986,-0.380285
74,1,-168.409,416.829,-0.354167
74,1,-168.228,416.593,-0.31499
74,1,-167.746,415.963,-0.210516
74,1,-167.082,415.097,-0.0668645
74,1,-167.022,415.019,-0.0538052
74,1,-166.54,414.389,0.0506687
74,1,-166.48,414.31,0.0637279
74,1,-166.359,414.153,0.0898464
74,1,-165.997,413.681,0.168202
74,1,-165.635,413.208,0.246559
74,1,-165.515,413.051,0.272678
74,0,-117.885,350.843,10.5758
74,0,-117.704,350.606,10.6149
74,0,-117.523,350.37,10.6541
74,0,-117.222,349.977,10.7192
74,0,-116.8,349.426,10.8105
74,0,-116.438,348.953,10.8887
74,0,-116.197,348.639,10.9409
74,0,-115.956,348.324,10.993
74,0,-115.534,347.773,11.0843
74,0,-114.69,346.671,11.2668
74,0,-113.966,345.726,11.4232
74,0,-113.906,345.647,11.4362
74,0,-113.725,345.411,11.4753
74,0,-113.183,344.703,11.5927
74,0,-113.002,344.467,11.6318
74,0,-112.881,344.309,11.6579
74,0,-112.821,344.23,11.6709
74,0,-112.52,343.837,11.7361
74,0,-112.218,343.443,11.8013
74,0,-112.158,343.365,11.8143
75,3,24.4798,620.076,-224.799
75,3,24.3365,619.706,-224.852
75,3,24.2649,619.521,-224.879
75,3,23.9782,618.782,-224.985
75,3,23.5842,617.766,-225.131
75,3,23.3334,617.119,-225.224
75,3,23.0109,616.287,-225.343
75,3,22.7602,615.64,-225.436
75,3,22.6885,615.455,-225.463
75,3,22.5452,615.086,-225.516
75,3,22.5094,614.993,-225.529
75,3,23.4274,617.361,-225.189
75,2,-2.37294,550.908,-234.766
75,2,-2.51681,550.538,-234.819
75,2,-2.62471,550.261,-234.858
75,2,-2.84051,549.707,-234.937
75,2,-2.94841,549.43,-234.977
75,2,-3.12824,548.968,-235.043
75,2,-3.2721,548.598,-235.096
75,2,-3.34403,548.414,-235.122
75,2,-3.4879,548.044,-235.175
75,2,-3.81159,547.213,-235.293
75,2,-3.88352,547.028,-235.32
75,2,-3.91949,546.936,-235.333
75,2,-4.35106,545.827,-235.491
75,2,-4.42299,545.642,-235.517
75,2,-4.45895,545.55,-235.53
75,2,-4.49492,545.458,-235.544
75,2,-4.7107,544.903,-235.623
75,2,-4.8186,544.626,-235.662
75,2,-5.10631,543.887,-235.768
75,2,-5.25017,543.518,-235.82
75,2,-5.39402,543.148,-235.873
75,3,23.1514,620.908,-213.868
75,3,22.9736,620.626,-213.647
75,3,22.8847,620.485,-213.537
75,3,22.7958,620.344,-213.426
75,3,22.7069,620.202,-213.316
75,3,22.4402,619.779,-212.985
75,3,22.3513,619.638,-212.875
75,3,22.0108,619.096,-212.452
75,3,21.9664,619.025,-212.397
75,3,21.9221,618.954,-212.343
75,3,21.7955,618.752,-212.187
75,3,21.0787,617.574,-211.315
75,3,20.9223,617.316,-211.124
75,3,20.7914,617.099,-210.964
75,3,20.2771,616.246,-210.331
75,3,20.1429,616.023,-210.165
75,3,19.9239,615.662,-209.897
75,3,19.8364,615.518,-209.79
75,3,19.4861,614.94,-209.361
75,3,19.0113,614.157,-208.776
75,3,18.6704,613.577,-208.342
75,3,18.5425,613.36,-208.179
75,3,18.3439,613.021,-207.925
75,3,22.7786,618.118,-220.126
76,0,-245.884,343.236,-249.928
76,0,-245.925,343.119,-249.898
76,1,-193.567,420.812,-205.779
76,1,-193.597,420.623,-205.719
76,1,-193.671,420.156,-205.569
76,1,-193.701,419.967,-205.509
76,1,-193.715,419.873,-205.479
76,1,-193.747,419.671,-205.415
76,1,-193.762,419.577,-205.384
76,1,-193.82,419.214,-205.263
76,1,-193.876,418.839,-205.136
76,1,-193.905,418.651,-205.073
76,1,-194.04,417.714,-204.757
76,1,-194.092,417.338,-204.63
76,1,-194.131,417.057,-204.535
76,1,-194.143,416.963,-204.503
76,1,-194.182,416.681,-204.408
76,1,-194.195,416.587,-204.376
76,1,-194.231,416.327,-204.288
76,1,-194.269,416.074,-204.202
76,1,-194.346,415.569,-204.031
76,1,-194.376,415.381,-203.967
76,1,-194.397,415.243,-203.92
76,1,-194.499,414.57,-203.696
76,1,-194.627,413.74,-203.424
76,1,-194.642,413.636,-203.39
77,0,159.973,350.93,-202.428
77,0,159.963,350.861,-202.357
77,0,159.922,350.582,-202.073
77,0,159.871,350.234,-201.717
77,0,159.81,349.817,-201.291
77,0,159.799,349.747,-201.22
77,0,159.728,349.26,-200.722
77,0,159.697,349.051,-200.509
77,0,159.625,348.564,-200.012
77,0,159.605,348.425,-199.87
77,0,159.595,348.355,-199.798
77,0,159.544,348.007,-199.443
77,0,159.492,347.659,-199.088
77,0,159.472,347.52,-198.946
77,0,159.319,346.476,-197.88
77,0,159.308,346.406,-197.809
77,0,159.298,346.336,-197.738
77,0,159.278,346.197,-197.595
77,0,159.155,345.362,-196.743
77,0,159.134,345.223,-196.601
77,0,159.104,345.014,-196.387
77,0,159.073,344.805,-196.174
77,0,158.93,343.831,-195.179
77,0,158.889,343.552,-194.895
79,0,-247.907,350.939,23.1733
79,0,-247.832,350.878,23.1974
79,0,-247.829,350.876,23.1982
79,0,-246.929,350.153,23.4798
79,0,-246.769,350.025,23.5288
79,0,-246.6,349.888,23.5788
79,0,-246.489,349.797,23.612
79,0,-245.684,349.123,23.872
79,0,-245.008,348.564,24.1017
79,0,-244.561,348.193,24.2524
79,0,-243.369,347.204,24.6543
79,0,-242.011,346.078,25.1122
79,0,-241.738,345.844,25.2
79,0,-241.219,345.403,25.3631
79,0,-241.031,345.244,25.4222
79,0,-240.806,345.059,25.4943
79,0,-240.731,344.998,25.5183
79,0,-240.533,344.836,25.5816
79,0,-240.196,344.562,25.6852
79,0,-240.045,344.439,25.7294
79,0,-239.894,344.316,25.7737
79,0,-239.591,344.069,25.8622
79,0,-239.516,344.008,25.8844
79,0,-239.44,343.946,25.9065
79,0,-239.352,343.874,25.9323
79,0,-239.276,343.813,25.9544
79,0,-239.238,343.783,25.9654
79,0,-239.008,343.601,26.0308
79,0,-238.932,343.541,26.0526
79,0,-238.855,343.48,26.0744
79,0,-238.702,343.359,26.118
79,0,-238.543,343.233,26.1633
79,0,-238.314,343.051,26.2321
81,3,-117.998,619.515,-175.126
81,3,-117.956,619.218,-175.126
81,3,-117.872,618.624,-175.126
81,3,-117.858,618.525,-175.126
81,3,-117.802,618.128,-175.126
81,3,-117.69,617.336,-175.126
81,3,-117.649,617.039,-175.126
81,3,-117.621,616.841,-175.126
81,3,-117.509,616.049,-175.126
81,3,-117.481,615.851,-175.126
81,3,-117.411,615.356,-175.126
81,3,-117.397,615.257,-175.126
81,3,-117.369,615.059,-175.126
81,3,-117.285,614.465,-175.126
81,3,-117.201,613.871,-175.126
81,3,-117.187,613.772,-175.126
81,3,-117.146,613.475,-175.126
81,3,-117.09,613.078,-175.126
81,2,-108.249,550.604,-175.114
81,2,-108.207,550.307,-175.114
81,2,-108.095,549.515,-175.114
81,2,-108.067,549.317,-175.114
81,2,-107.997,548.822,-175.114
81,2,-107.983,548.723,-175.114
81,2,-107.913,548.228,-175.114
81,2,-107.843,547.732,-175.114
81,2,-107.745,547.039,-175.114
81,2,-107.717,546.841,-175.114
81,2,-107.634,546.247,-175.114
81,2,-107.62,546.148,-175.114
81,2,-107.606,546.049,-175.114
81,2,-107.494,545.257,-175.114
81,2,-107.382,544.465,-175.114
81,1,-89.9203,420.802,-175.165
81,1,-89.8503,420.307,-175.166
81,1,-89.8363,420.208,-175.166
81,1,-89.7384,419.515,-175.166
81,1,-89.6544,418.921,-175.167
81,1,-89.5425,418.129,-175.167
81,1,-89.5285,418.03,-175.167
81,1,-89.5145,417.93,-175.167
81,1,-89.2208,415.851,-175.168
81,1,-89.1509,415.356,-175.169
81,1,-89.1229,415.158,-175.169
81,1,-89.0949,414.96,-175.169
81,1,-89.0809,414.861,-175.169
81,1,-89.0669,414.762,-175.169
81,1,-88.997,414.267,-175.169
81,0,-80.0501,350.505,-175.197
81,0,-80.0362,350.406,-175.197
81,0,-80.0224,350.307,-175.197
81,0,-79.939,349.713,-175.198
81,0,-79.9251,349.614,-175.198
81,0,-79.8835,349.316,-175.198
81,0,-79.8001,348.722,-175.198
81,0,-79.6335,347.534,-175.199
81,0,-79.6057,347.336,-175.199
81,0,-79.5779,347.138,-175.199
81,0,-79.5224,346.742,-175.199
81,0,-79.5085,346.643,-175.2
81,0,-79.4807,346.445,-175.2
81,0,-79.3141,345.256,-175.2
81,0,-79.2585,344.86,-175.201
81,0,-79.1891,344.365,-175.201
81,0,-79.1335,343.969,-175.201
81,0,-79.078,343.573,-175.201
81,0,-79.0224,343.177,-175.202
85,3,29.7308,620.202,-5.24154
85,3,29.5748,619.882,-5.0581
85,3,29.5357,619.802,-5.01225
85,3,29.4187,619.563,-4.87467
85,3,29.1065,618.924,-4.50779
85,3,28.6773,618.046,-4.00331
85,3,28.5602,617.806,-3.86572
85,3,28.5212,617.727,-3.81986
85,3,28.2091,617.088,-3.45297
85,3,28.014,616.689,-3.22365
85,3,27.9359,616.529,-3.13193
85,3,27.2726,615.172,-2.35224
85,3,27.1945,615.012,-2.26051
85,3,26.453,613.495,-1.38897
85,3,27.0651,614.748,-2.10839
85,2,-4.46135,550.2,34.9144
85,2,-4.65585,549.801,35.1431
85,2,-4.77256,549.561,35.2803
85,2,-4.81146,549.481,35.326
85,2,-4.88926,549.321,35.4175
85,2,-5.12267,548.841,35.692
85,2,-5.23937,548.601,35.8292
85,2,-5.51169,548.041,36.1494
85,2,-6.2898,546.442,37.0642
85,2,-6.44542,546.122,37.2472
85,2,-6.67884,545.642,37.5216
85,2,-6.91223,545.163,37.7961
85,2,-6.99002,545.003,37.8876
85,2,-7.1845,544.603,38.1163
85,2,-7.53458,543.883,38.528
85,2,-7.57348,543.803,38.5737
85,2,-7.84574,543.243,38.8939
85,2,-5.22628,548.628,35.8138
85,1,-67.8129,420.041,109.405
85,1,-67.9292,419.801,109.543
85,1,-68.0844,419.481,109.726
85,1,-68.2783,419.081,109.956
85,1,-68.6662,418.282,110.415
85,1,-69.1317,417.323,110.965
85,1,-69.1705,417.243,111.011
85,1,-69.5195,416.523,111.424
85,1,-69.5583,416.443,111.47
85,1,-69.9074,415.724,111.883
85,1,-69.985,415.564,111.974
85,1,-70.1014,415.324,112.112
85,1,-70.2953,414.924,112.341
85,1,-70.7607,413.965,112.892
85,1,-70.8382,413.805,112.984
85,1,-70.9158,413.645,113.075
85,1,-71.0615,413.345,113.247
85,0,-101.408,350.68,149.343
85,0,-101.524,350.44,149.481
85,0,-101.911,349.641,149.941
85,0,-102.104,349.241,150.171
85,0,-103.07,347.242,151.32
85,0,-103.225,346.923,151.504
85,0,-103.496,346.363,151.826
85,0,-104.037,345.244,152.47
85,0,-104.114,345.084,152.562
85,0,-104.153,345.004,152.608
85,0,-104.423,344.444,152.93
85,0,-104.925,343.405,153.528
85,0,-101.438,350.619,149.378
87,3,107.35,620.659,191.475
87,3,107.351,620.403,191.631
87,3,107.351,620.317,191.683
87,3,107.351,620.232,191.736
87,3,107.353,619.293,192.309
87,3,107.353,619.037,192.465
87,3,107.354,618.696,192.674
87,3,107.355,617.843,193.195
87,3,107.358,616.392,194.081
87,3,107.36,615.538,194.603
87,3,107.36,615.197,194.811
87,3,107.362,614.514,195.228
87,3,107.362,614.344,195.333
87,2,107.429,549.55,234.924
87,2,107.433,547.758,236.019
87,2,107.435,547.161,236.384
87,2,107.435,546.905,236.541
87,2,107.438,545.54,237.376
87,2,107.438,545.369,237.48
87,2,107.439,545.113,237.636
87,2,107.44,544.431,238.054
87,2,107.441,544.26,238.158
87,2,107.442,543.748,238.471
87,2,107.443,543.492,238.628
88,3,59.7581,620.915,133.847
88,3,59.4387,620.317,134.022
88,3,59.393,620.232,134.048
88,3,59.3474,620.146,134.073
88,3,59.1192,619.719,134.198
88,3,58.7998,619.122,134.374
88,3,58.7085,618.951,134.424
88,3,58.6172,618.78,134.474
88,3,58.1609,617.927,134.725
88,3,57.8414,617.329,134.9
88,3,57.7502,617.158,134.951
88,3,57.3851,616.475,135.151
88,3,57.3395,616.39,135.176
88,3,56.8831,615.536,135.427
88,3,56.4268,614.683,135.678
88,3,56.0161,613.914,135.904
88,3,55.8792,613.658,135.979
88,3,55.7423,613.402,136.054
88,3,58.93,619.365,134.302
88,2,22.1263,550.488,154.552
88,2,22.0807,550.402,154.577
88,2,21.9438,550.146,154.653
88,2,21.8981,550.061,154.678
88,2,21.8525,549.976,154.703
88,2,21.8068,549.89,154.728
88,2,21.4417,549.207,154.929
88,2,21.1222,548.61,155.105
88,2,20.8027,548.012,155.28
88,2,20.6202,547.671,155.381
88,2,20.4376,547.329,155.481
88,2,20.3919,547.244,155.506
88,2,20.3007,547.073,155.556
88,2,20.0724,546.647,155.682
88,2,19.9812,546.476,155.732
88,2,19.7073,545.964,155.883
88,2,19.6617,545.878,155.908
88,2,19.616,545.793,155.933
88,2,19.3422,545.281,156.084
88,2,19.2052,545.025,156.159
88,2,18.8857,544.427,156.335
88,2,18.2467,543.232,156.686
88,2,18.2011,543.147,156.711
88,2,19.0678,544.768,156.234
88,1,-47.3746,420.488,192.774
88,1,-47.4202,420.402,192.799
88,1,-47.8309,419.634,193.025
88,1,-48.0134,419.293,193.126
88,1,-48.1047,419.122,193.176
88,1,-48.2415,418.866,193.251
88,1,-48.3784,418.61,193.326
88,1,-48.5153,418.354,193.402
88,1,-48.6066,418.183,193.452
88,1,-49.1085,417.244,193.728
88,1,-49.1542,417.158,193.753
88,1,-49.1998,417.073,193.778
88,1,-49.3367,416.817,193.853
88,1,-49.3823,416.731,193.878
88,1,-49.7017,416.134,194.054
88,1,-49.9299,415.707,194.18
88,1,-50.0211,415.536,194.23
88,1,-50.1124,415.366,194.28
88,1,-50.5687,414.512,194.531
88,1,-51.3444,413.061,194.957
88,0,-85.0588,349.975,213.498
88,0,-85.1044,349.89,213.523
88,0,-85.3781,349.378,213.674
88,0,-85.4237,349.292,213.699
88,0,-85.5149,349.121,213.749
88,0,-85.8341,348.524,213.924
88,0,-86.5639,347.158,214.326
88,0,-86.7463,346.816,214.426
88,0,-86.8375,346.645,214.476
88,0,-86.9743,346.389,214.551
88,0,-87.1568,346.048,214.652
88,0,-87.6128,345.194,214.903
88,0,-87.7497,344.938,214.978
88,0,-88.2969,343.913,215.279
88,0,-88.4794,343.571,215.379
88,0,-88.525,343.486,215.404
88,0,-88.6618,343.23,215.479
89,1,229.788,419.948,-59.0227
89,1,229.763,419.852,-59.0371
89,1,229.712,419.661,-59.0661
89,1,229.662,419.469,-59.095
89,1,229.308,418.13,-59.2974
89,1,229.207,417.747,-59.3553
89,1,229.182,417.651,-59.3697
89,1,229.031,417.077,-59.4565
89,1,228.98,416.886,-59.4854
89,1,228.905,416.599,-59.5288
89,1,228.677,415.738,-59.6589
89,1,228.627,415.547,-59.6878
89,1,228.551,415.26,-59.7312
89,1,228.526,415.164,-59.7457
89,1,228.324,414.398,-59.8614
89,1,228.273,414.207,-59.8903
89,1,228.198,413.92,-59.9337
89,1,228.147,413.729,-59.9626
89,1,228.071,413.442,-60.006
89,1,228.046,413.346,-60.0204
89,1,227.996,413.155,-60.0493
89,1,227.97,413.059,-60.0638
89,0,211.545,350.809,-69.457
89,0,211.444,350.426,-69.5147
89,0,211.394,350.235,-69.5436
89,0,211.343,350.043,-69.5724
89,0,211.015,348.799,-69.7598
89,0,210.939,348.512,-69.8031
89,0,210.864,348.225,-69.8463
89,0,210.662,347.46,-69.9617
89,0,210.586,347.173,-70.0049
89,0,210.561,347.077,-70.0193
89,0,210.384,346.407,-70.1203
89,0,210.283,346.025,-70.1779
89,0,210.157,345.546,-70.25
89,0,210.132,345.451,-70.2644
89,0,210.081,345.259,-70.2933
89,0,209.93,344.685,-70.3798
89,0,209.702,343.824,-70.5095
89,0,209.526,343.154,-70.6105
97,3,-172.922,620.735,-220.929
97,3,-172.834,620.559,-220.895
97,3,-172.528,619.942,-220.773
97,3,-172.484,619.853,-220.756
97,3,-171.827,618.53,-220.496
97,3,-171.783,618.442,-220.478
97,3,-171.739,618.354,-220.461
97,3,-171.695,618.266,-220.444
97,3,-171.432,617.736,-220.34
97,3,-171.389,617.648,-220.322
97,3,-171.17,617.207,-220.236
97,3,-171.082,617.031,-220.201
97,3,-171.038,616.942,-220.184
97,3,-170.513,615.884,-219.976
97,3,-170.337,615.531,-219.906
97,3,-170.206,615.267,-219.854
97,3,-170.118,615.09,-219.819
97,3,-170.031,614.914,-219.785
97,3,-169.855,614.561,-219.715
97,3,-169.68,614.208,-219.646
97,3,-169.417,613.679,-219.542
97,3,-169.374,613.591,-219.525
97,3,-169.111,613.061,-219.421
97,3,-170.657,616.176,-220.033
97,2,-138.242,550.912,-207.205
97,2,-138.198,550.824,-207.188
97,2,-137.672,549.765,-206.98
97,2,-137.322,549.06,-206.842
97,2,-137.059,548.53,-206.738
97,2,-136.84,548.089,-206.651
97,2,-136.752,547.913,-206.617
97,2,-136.708,547.825,-206.599
97,2,-136.664,547.736,-206.582
97,2,-136.577,547.56,-206.547
97,2,-136.489,547.384,-206.513
97,2,-136.357,547.119,-206.461
97,2,-135.875,546.149,-206.27
97,2,-135.788,545.972,-206.236
97,2,-135.349,545.09,-206.063
97,2,-135.086,544.561,-205.959
97,2,-134.999,544.385,-205.924
97,2,-134.867,544.12,-205.872
97,2,-134.604,543.591,-205.769
97,1,-73.2671,420.206,-181.554
97,1,-73.1794,420.03,-181.519
97,1,-73.004,419.677,-181.45
97,1,-72.8724,419.413,-181.398
97,1,-72.1706,418.001,-181.122
97,1,-71.8197,417.296,-180.983
97,1,-71.6881,417.031,-180.932
97,1,-71.5565,416.767,-180.88
97,1,-71.5127,416.679,-180.863
97,1,-71.4688,416.59,-180.845
97,1,-71.425,416.502,-180.828
97,1,-70.9425,415.532,-180.638
97,1,-70.7671,415.179,-180.569
97,1,-70.4162,414.474,-180.431
97,1,-70.3723,414.386,-180.413
97,1,-70.3284,414.297,-180.396
97,1,-70.2407,414.121,-180.362
97,1,-70.1969,414.033,-180.344
97,1,-70.1091,413.856,-180.31
97,1,-70.0214,413.68,-180.275
97,1,-69.9776,413.592,-180.258
97,1,-69.7583,413.151,-180.172
97,1,-71.6121,416.879,-180.902
97,0,-38.6613,350.559,-167.903
97,0,-38.442,350.118,-167.816
97,0,-38.2228,349.677,-167.73
97,0,-38.0474,349.324,-167.661
97,0,-37.7844,348.795,-167.557
97,0,-37.3898,348.001,-167.402
97,0,-37.3021,347.825,-167.367
97,0,-36.6444,346.502,-167.108
97,0,-36.4252,346.061,-167.021
97,0,-36.0306,345.267,-166.866
97,0,-35.9868,345.179,-166.849
97,0,-35.9429,345.091,-166.831
97,0,-35.8991,345.003,-166.814
97,0,-35.3291,343.856,-166.589
97,0,-35.2852,343.768,-166.572
97,0,-35.1976,343.591,-166.538
97,0,-35.066,343.327,-166.486
97,0,-35.0222,343.239,-166.468
97,0,-37.2957,347.812,-167.365
97,2,-234.642,550.799,-153.546
97,2,-234.632,550.769,-153.538
97,2,-234.373,549.975,-153.319
97,2,-234.342,549.882,-153.293
97,2,-234.334,549.856,-153.286
97,2,-234.244,549.58,-153.21
97,2,-234.184,549.396,-153.16
97,2,-234.058,549.005,-153.052
97,2,-233.948,548.667,-152.959
97,2,-233.648,547.748,-152.705
97,2,-233.618,547.656,-152.68
97,2,-233.592,547.574,-152.658
97,2,-233.472,547.206,-152.556
97,2,-233.413,547.022,-152.506
97,2,-233.113,546.102,-152.252
97,2,-233.084,546.01,-152.227
97,2,-232.874,545.366,-152.05
97,2,-232.695,544.814,-151.898
97,2,-232.665,544.722,-151.872
97,2,-232.46,544.092,-151.699
97,2,-232.31,543.632,-151.572
97,2,-232.207,543.315,-151.485
97,2,-175.592,547.763,-184.998
97,1,-193.163,420.317,-120.288
97,1,-192.873,419.491,-120.079
97,1,-192.809,419.307,-120.032
97,1,-192.745,419.124,-119.986
97,1,-192.556,418.587,-119.849
97,1,-192.524,418.495,-119.826
97,1,-192.46,418.312,-119.78
97,1,-192.235,417.669,-119.617
97,1,-191.946,416.844,-119.407
97,1,-191.666,416.045,-119.205
97,1,-191.505,415.586,-119.088
97,1,-191.441,415.403,-119.042
97,1,-191.248,414.852,-118.902
97,1,-191.247,414.849,-118.901
97,1,-191.021,414.206,-118.739
97,1,-190.989,414.115,-118.715
97,1,-190.945,413.989,-118.684
97,1,-190.877,413.793,-118.634
97,1,-139.779,416.121,-145.772
97,0,-168.857,350.693,-102.795
97,0,-168.77,350.413,-102.73
97,0,-168.741,350.32,-102.708
97,0,-168.631,349.965,-102.625
97,0,-168.404,349.237,-102.454
97,0,-168.317,348.957,-102.388
97,0,-168.288,348.864,-102.366
97,0,-168.23,348.678,-102.322
97,0,-168.143,348.398,-102.256
97,0,-168.03,348.033,-102.17
97,0,-167.972,347.847,-102.126
97,0,-167.402,346.014,-101.692
97,0,-167.329,345.777,-101.636
97,0,-167.207,345.384,-101.543
97,0,-167.206,345.383,-101.543
97,0,-167.177,345.29,-101.521
97,0,-167.09,345.01,-101.454
97,0,-166.889,344.362,-101.301
97,0,-166.803,344.087,-101.236
97,0,-166.708,343.781,-101.164
97,0,-166.65,343.595,-101.12
97,0,-166.621,343.501,-101.098
97,0,-166.477,343.036,-100.988
97,0,-166.467,343.006,-100.981
97,0,-98.7429,347.005,-136.442
97,0,-168.231,348.675,-102.33
97,0,-168.221,348.671,-102.347
97,0,-168.217,348.653,-102.35
98,3,-6.03159,620.012,-82.6073
98,3,-5.98898,619.922,-82.5963
98,3,-5.47766,618.845,-82.4647
98,3,-5.30722,618.486,-82.4209
98,3,-5.17939,618.216,-82.388
98,3,-5.13678,618.126,-82.377
98,3,-4.79589,617.408,-82.2893
98,3,-3.9863,615.702,-82.0809
98,3,-2.83582,613.277,-81.7848
98,3,-4.41125,616.597,-82.1903
98,2,27.1052,550.192,-74.0932
98,2,27.1478,550.102,-74.0823
98,2,27.4461,549.473,-74.0057
98,2,27.915,548.486,-73.8853
98,2,27.9576,548.396,-73.8744
98,2,28.2133,547.857,-73.8088
98,2,28.4528,547.352,-73.7473
98,2,28.4955,547.263,-73.7364
98,2,28.7512,546.724,-73.6707
98,2,29.0922,546.005,-73.5832
98,2,29.5184,545.107,-73.4738
98,2,29.8593,544.389,-73.3863
98,2,29.902,544.299,-73.3754
98,2,29.9872,544.12,-73.3535
98,2,30.0298,544.03,-73.3426
98,2,27.7402,548.854,-73.9302
98,1,88.5967,420.641,-58.2926
98,1,89.1508,419.473,-58.1505
98,1,89.2787,419.204,-58.1177
98,1,89.577,418.575,-58.0412
98,1,89.6622,418.396,-58.0193
98,1,89.7475,418.216,-57.9974
98,1,89.8327,418.037,-57.9756
98,1,89.918,417.857,-57.9537
98,1,89.9606,417.767,-57.9428
98,1,90.2163,417.228,-57.8772
98,1,90.472,416.69,-57.8116
98,1,90.7277,416.151,-57.746
98,1,90.9835,415.612,-57.6804
98,1,91.0687,415.432,-57.6585
98,1,91.2392,415.073,-57.6148
98,1,91.5375,414.445,-57.5383
98,1,91.708,414.085,-57.4945
98,1,91.7506,413.996,-57.4836
98,1,92.1768,413.098,-57.3743
98,1,92.2194,413.008,-57.3634
98,1,89.0954,419.59,-58.1647
98,0,121.807,350.641,-49.7757
98,0,121.85,350.551,-49.7648
98,0,121.978,350.281,-49.732
98,0,122.148,349.922,-49.6884
98,0,122.318,349.563,-49.6447
98,0,122.446,349.293,-49.6119
98,0,122.617,348.934,-49.5683
98,0,123.042,348.036,-49.4591
98,0,123.34,347.407,-49.3826
98,0,123.979,346.06,-49.2188
98,0,124.149,345.701,-49.1752
98,0,124.235,345.521,-49.1533
98,0,124.448,345.072,-49.0987
98,0,124.831,344.264,-49.0004
98,0,125.257,343.365,-48.8912
98,0,124.156,345.687,-49.1735
98,2,28.411,547.442,-73.763
98,2,28.4131,547.441,-73.7761
98,2,28.413,547.442,-73.7789
98,2,28.4134,547.441,-73.7786
98,3,-7.58968,620.543,-88.6494
98,3,-7.52447,620.254,-88.7596
98,3,-7.47338,620.026,-88.8473
98,3,-7.37045,619.57,-89.023
98,3,-7.36242,619.534,-89.0367
98,3,-7.32107,619.351,-89.1069
98,3,-7.25956,619.08,-89.2112
98,3,-7.15614,618.623,-89.3865
98,3,-7.09409,618.349,-89.4917
98,3,-6.99068,617.892,-89.667
98,3,-6.92863,617.618,-89.7722
98,3,-6.80453,617.07,-89.9827
98,3,-6.78384,616.979,-90.0177
98,3,-6.70111,616.614,-90.158
98,3,-6.64079,616.348,-90.2599
98,3,-6.58378,616.098,-90.3555
98,3,-6.46186,615.565,-90.56
98,3,-6.31976,614.94,-90.8003
98,3,-6.25743,614.666,-90.9058
98,3,-6.25567,614.658,-90.9088
98,3,-6.235,614.567,-90.9438
98,3,-6.19365,614.384,-91.0138
98,3,-6.1226,614.069,-91.1344
98,3,-6.1136,614.029,-91.1498
98,3,-6.08009,613.88,-91.2067
98,3,-5.99661,613.515,-91.347
98,3,-5.95487,613.332,-91.4172
98,3,-5.9229,613.193,-91.4709
98,3,-5.9019,613.101,-91.506
98,3,-5.88091,613.01,-91.5411
98,3,-6.00371,618.734,-84.236
98,2,23.1963,550.83,-113.822
98,2,23.2969,550.66,-113.853
98,2,23.7498,549.896,-113.996
98,2,23.9008,549.641,-114.044
98,2,24.0015,549.471,-114.076
98,2,24.1625,549.199,-114.127
98,2,24.2122,549.114,-114.142
98,2,24.2364,549.072,-114.15
98,2,24.91,547.931,-114.363
98,2,24.9601,547.846,-114.379
98,2,25.4571,547.003,-114.54
98,2,25.4625,546.994,-114.542
98,2,25.7621,546.487,-114.637
98,2,25.9612,546.146,-114.703
98,2,26.2378,545.672,-114.794
98,2,26.5295,545.177,-114.892
98,2,26.5784,545.091,-114.911
98,2,26.6286,545.004,-114.931
98,2,26.9103,544.503,-115.047
98,2,27.0542,544.247,-115.107
98,2,27.381,543.664,-115.243
98,2,27.3906,543.647,-115.247
98,2,27.4008,543.629,-115.252
98,2,27.5946,544.729,-105.47
98,1,101.428,420.252,-126.929
98,1,101.489,420.177,-126.903
98,1,101.577,420.068,-126.865
98,1,101.876,419.687,-126.739
98,1,102.415,419.003,-126.512
98,1,102.55,418.831,-126.455
98,1,102.729,418.603,-126.378
98,1,102.848,418.451,-126.327
98,1,103.743,417.31,-125.944
98,1,103.949,417.048,-125.856
98,1,104.068,416.895,-125.808
98,1,104.247,416.665,-125.735
98,1,104.366,416.512,-125.686
98,1,104.426,416.436,-125.662
98,1,104.84,415.904,-125.493
98,1,104.959,415.751,-125.444
98,1,105.138,415.522,-125.372
98,1,105.734,414.756,-125.129
98,1,106.035,414.368,-125.006
98,1,106.474,413.792,-124.827
98,1,106.769,413.407,-124.706
98,1,90.299,419.937,-64.3971
98,0,134.889,350.569,-97.9661
98,0,134.933,350.174,-97.7326
98,0,134.943,350.089,-97.6816
98,0,134.981,349.747,-97.4774
98,0,135.086,348.798,-96.9112
98,0,135.129,348.455,-96.7102
98,0,135.344,346.74,-95.7052
98,0,135.372,346.517,-95.5749
98,0,135.397,346.329,-95.4641
98,0,135.423,346.127,-95.3464
98,0,135.425,346.112,-95.3381
98,0,135.436,346.026,-95.2885
98,0,135.462,345.826,-95.1732
98,0,135.483,345.654,-95.0732
98,0,135.486,345.634,-95.0615
98,0,135.488,345.613,-95.0496
98,0,135.498,345.494,-94.9853
98,0,135.505,345.407,-94.9365
98,0,135.543,344.972,-94.6928
98,0,135.55,344.885,-94.644
98,0,135.596,344.363,-94.3515
98,0,135.656,343.667,-93.9615
98,0,135.671,343.493,-93.864
98,0,135.678,343.406,-93.8153
98,0,135.551,345.627,-95.0061
98,0,135.623,345.601,-94.9657
98,0,135.682,345.551,-94.9262
98,0,135.744,345.513,-94.8806
98,0,135.766,345.433,-94.8624
98,0,135.693,345.469,-94.8569
98,0,135.742,345.51,-94.808
98,0,135.765,345.56,-94.7495
98,0,135.756,345.621,-94.7071
98,0,135.78,345.644,-94.6517
98,0,135.791,345.661,-94.6033
98,0,135.794,345.667,-94.5544
98,0,135.775,345.688,-94.516
98,0,135.747,345.685,-94.4935
98,0,135.747,345.663,-94.5159
98,0,135.758,345.644,-94.5204
98,0,135.75,345.637,-94.517
98,0,135.755,345.642,-94.512
98,0,135.76,345.645,-94.5098
98,0,135.758,345.645,-94.5097
99,3,-139.438,620.925,-190.282
99,3,-139.202,620.55,-190.514
99,3,-139.013,620.249,-190.699
99,3,-138.872,620.024,-190.838
99,3,-138.401,619.274,-191.302
99,3,-138.071,618.748,-191.626
99,3,-137.977,618.598,-191.719
99,3,-137.647,618.073,-192.043
99,3,-136.893,616.872,-192.784
99,3,-136.846,616.797,-192.831
99,3,-136.798,616.722,-192.877
99,3,-136.657,616.497,-193.016
99,3,-135.762,615.071,-193.896
99,3,-135.715,614.996,-193.943
99,3,-134.631,613.27,-195.008
99,3,-136.867,616.831,-192.81
99,2,-94.7158,550.1,-233.757
99,2,-94.6209,549.95,-233.849
99,2,-94.5261,549.8,-233.941
99,2,-93.7673,548.599,-234.678
99,2,-93.625,548.374,-234.816
99,2,-93.5776,548.299,-234.862
99,2,-93.3879,547.999,-235.046
99,2,-93.293,547.849,-235.138
99,2,-92.7713,547.024,-235.645
99,2,-92.6291,546.799,-235.783
99,2,-92.5342,546.649,-235.876
99,2,-92.4868,546.573,-235.922
99,2,-92.2497,546.198,-236.152
99,2,-92.1548,546.048,-236.244
99,2,-92.1074,545.973,-236.29
99,2,-92.06,545.898,-236.336
99,2,-91.8703,545.598,-236.52
99,2,-91.6331,545.223,-236.751
99,2,-91.0641,544.323,-237.303
99,2,-91.0166,544.248,-237.35
99,2,-90.7795,543.873,-237.58
99,2,-90.6372,543.647,-237.718
